Taxon;UTM10x10;UTM1x1;Notes
Limonium mateoi;30TVN48;NA;CA
Linaria diffusa ;30TVK54;NA;CA
Luronium natans;29TQF30;NA;CA
Orobanche picridis;30TYL44;NA;CA
Orobanche picridis;30TYL43;NA;CA
Paradisea lusitanica;30TVL44;NA;CA
Paradisea lusitanica;30TWL34;NA;CA
Peucedanum gallicum;30TWK78;NA;CA
Peucedanum gallicum;30TYL00;NA;CA
Peucedanum gallicum;30TYK09;NA;CA
Pyrus cordata;30SVG27;NA;CA
Ranunculus tuberosus;30TTK66;NA;CA
Roripa anfibia;30SXJ66;NA;CA
Rubus lucensis;30TWM32;NA;CA
Sedum lagascae;30TVL24;NA;CA
Selinium broteroi;30TYK19;NA;CA
Stellaria gramínea;30SVG80;NA;CA
Taraxacum duriense;30TTK56;NA;CA
Taraxacum duriense;30TTK55;NA;CA
Thymus caespititius;29SQD00;NA;CA
Thymus pulegioides;29SQD00;NA;CA
Ulex europaeus europaeus;30TWM55;NA;introducidas (CA rev IRG)
Ulex europaeus europaeus;30TVM92;NA;introducidas (CA rev IRG)
Ulex europaeus europaeus;30TWM30;NA;introducidas (CA rev IRG)
Ulex europaeus europaeus;30TWM13;NA;introducidas (CA rev IRG)
Ulex europaeus europaeus;30TWM23;NA;introducidas (CA rev IRG)
Ulex europaeus europaeus;30TWM33;NA;introducidas (CA rev IRG)
Ulex micranthus;29SQB20;NA;CA
Veronica micrantha;29SPC78;NA;CA
Veronica micrantha;29SQC18;NA;CA
Veronica micrantha;29SQC34;NA;CA
Woodwardia radicans ;29TQH11;NA;CA
Achnatherum calamagrostis;30TUN36;NA;CRZ
Aira uniaristata;30TTK55;NA;CRZ
Airopsis tenella;31TCH03;NA;CRZ
Arrhenatherum elatius baeticum;30TVL10;NA;CRZ
Arrhenatherum elatius baeticum;30TVL83;NA;CRZ
Arrhenatherum elatius baeticum;30TVL89;NA;CRZ
Arrhenatherum elatius sardoum;30SUH37;NA;CRZ
Avena barbata castellana;30SVG49;NA;CRZ
Avena longiglumis;29SPC97;NA;CRZ
Brachypodium pinnatum;30STJ98;NA;CRZ
Brachypodium pinnatum;29SNB43;NA;CRZ
Brachypodium pinnatum;29SNB32;NA;CRZ
Brachypodium stacei;30TWM08;NA;CRZ
Brachypodium stacei;30TWN09;NA;CRZ
Bromus alopecuros;29SMD83;NA;CRZ
Bromus alopecuros;30TXM71;NA;CRZ
Bromus alopecuros;30STF88;NA;CRZ
Bromus alopecuros;30STF77;NA;CRZ
Bromus fasciculatus;Todoelmapa;NA;CRZ
Bromus secalinus;30TUN65;NA;CRZ
Calamagrostis arundinacea;30TTK77;NA;CRZ
Corynephorus articulatus;30TXL09;NA;CRZ
Elymus elongatus;30TVK47;NA;CRZ
Festuca capillifolia;30TUK86;NA;CRZ
Festuca clementei;30SYH19;NA;CRZ
Festuca elegans;30TXM06;NA;CRZ
Festuca elegans;30TXN56;NA;CRZ
Festuca eskia;31TDG50;NA;CRZ
Festuca gautieri;30TUK73;NA;CRZ
Festuca glacialis;31TDG50;NA;CRZ
Festuca glauca;30TVN32;NA;CRZ
Festuca henriquesii;30TTK56;NA;CRZ
Festuca heterophylla braun-blanquetii;30TVL74;NA;CRZ
Festuca heterophylla heterophylla;30TVN89;NA;CRZ
Festuca indigesta indigesta;30TVL55;NA;CRZ
Festuca nigrescens;30TTK75;NA;CRZ
Festuca nigrescens;30TTK66;NA;CRZ
Festuca paniculata spadicea;30SXJ52;NA;CRZ
Festuca paniculata spadicea;30SXJ68;NA;CRZ
Festuca paniculata spadicea;30SXJ69;NA;CRZ
Festuca paniculata spadicea;30SXJ72;NA;CRZ
Festuca paniculata spadicea;30SXJ75;NA;CRZ
Festuca paniculata spadicea;30SXJ77;NA;CRZ
Festuca paniculata spadicea;30SXJ78;NA;CRZ
Festuca paniculata spadicea;30SXJ79;NA;CRZ
Festuca paniculata spadicea;30SXJ82;NA;CRZ
Festuca rubra rubra;30TWL33;NA;CRZ
Festuca rubra rubra;29TNF19;NA;CRZ
Festuca rubra rubra;29TNF28;NA;CRZ
Festuca rubra rubra;29TNF39;NA;CRZ
Festuca rubra rubra;29TPE05;NA;CRZ
Gaudinia hispanica;30TTP62;NA;CRZ
Glyceria fluitans;30SXJ75;NA;CRZ
Glyceria fluitans;30SYJ23;NA;CRZ
Helictochloa cintrana;30SUH40;NA;CRZ
Helictochloa cintrana;30SVH65;NA;CRZ
Helictochloa cintrana;30STF64;NA;CRZ
Helictochloa murcica;30TVM28;NA;CRZ
Helictochloa murcica;30TXM47;NA;CRZ
Helictochloa murcica;30TWL69;NA;CRZ
Helictochloa murcica;30TXL17;NA;CRZ
Helictochloa murcica;30TWL54;NA;CRZ
Helictochloa murcica;30SWG09;NA;CRZ
Koeleria castellana;30TYL38;NA;CRZ
Koeleria castellana;30TYL48;NA;CRZ
Koeleria castellana;31TBF57;NA;CRZ
Koeleria castellana;31TBF58;NA;CRZ
Koeleria castellana;31TBF67;NA;CRZ
Koeleria castellana;31TBF78;NA;CRZ
Koeleria pyramidata pyramidata;29TNH27;NA;CRZ
Milium effusum;29TPE95;NA;CRZ
Milium effusum;30SWG09;NA;CRZ
Milium effusum;30TTK75;NA;CRZ
Milium effusum;30TTK94;NA;CRZ
Poa cenisia;30TTK65;NA;CRZ
Poa cenisia;30TTK94;NA;CRZ
Polypogon maritimussubspathaceus;30SYJ35;NA;CRZ
Rostraria salzmannii;30TTK55;NA;CRZ
Stipa capillata;30SVJ20;NA;CRZ
Stipa capillata;30SWF29;NA;CRZ
Vulpia alopecuros;30STJ76;NA;CRZ
Vulpia alopecuros;29SQC31;NA;CRZ
Phalaris arundinacea;29SPB96;NA;CRZ
Phalaris arundinacea;30SUH33;NA;CRZ
Phalaris arundinacea;30SUH71;NA;CRZ
Glyceria fluitans;29SPB32;NA;CRZ
Elymus curvifolius;30TXK54;NA;CRZ
Elymus curvifolius;30TXK64;NA;CRZ
Elymus curvifolius;30TWM49;NA;CRZ
Elymus curvifolius;30TWM68;NA;CRZ
Elymus curvifolius;30TWM78;NA;CRZ
Elymus curvifolius;30TWM67;NA;CRZ
Elymus curvifolius;30TWM77;NA;CRZ
Elymus curvifolius;30TWM87;NA;CRZ
Elymus curvifolius;30TXM06;NA;CRZ
Lens lamottei;30TWL79;NA;CSM
Limonium bellidifolium;30TXL18;NA;CSM
Limonium girardianum;29SMC85;NA;CSM
Limonium virgatum;30SVK32;NA;CSM
Linum alpinum;30SWJ91;NA;CSM
Lonicera xylosteum;29SQD21;NA;CSM
Medicago secundiflora;29SPD70;NA;CSM
Medicago turbinata;29SQD00;NA;CSM
Medicago turbinata;29SQC34;NA;CSM
Medicago turbinata;30TVK47;NA;CSM
Melilotus infestus;29SQD27;NA;CSM
Melilotus infestus;31TBF51;NA;CSM
Minuartia verna;30TTK66;NA;CSM
Minuartia verna;30TTK76;NA;CSM
Narcissus scaberulus;30SUF27;NA;CSM
Narcissus scaberulus;30SVF77;NA;CSM
Narcissus scaberulus;30SVF98;NA;CSM
Narcissus scaberulus;30SWF19;NA;CSM
Narcissus serotinus;30SYJ40;NA;CSM
Narcissus serotinus;31TBE87;NA;CSM
Narcissus tazetta;30SXH96;NA;CSM
Narcissus tazetta;29SQD52;NA;CSM
Narcissus tazetta;30SUG83;NA;CSM
Narcissus tazetta;30STF81;NA;CSM
Abies pinsapo;30TVK09;NA;CSM
Abies pinsapo;30STJ43;NA;CSM
Abies pinsapo;29SPD70;NA;CSM
Abies pinsapo;29SPB99;NA;CSM
Abies pinsapo;30SVF79;NA;CSM
Abies pinsapo;30SVF08;NA;CSM
Antirrhinum majus;30SVG28;NA;CSM
Asphodelus albus albus;30SVG50;NA;CSM
Asphodelus macrocarpus macrocarpus;30SVH85;NA;CSM
Bunium balearicum;30SUH94;NA;CSM
Bunium balearicum;30SWG09;NA;CSM
Ceratonia siliqua;30SVG37;NA;CSM
Ceratonia siliqua;30SVG38;NA;CSM
Christella dentata;30SYH59;NA;CSM
Euphorbia portlandica;30SVG58;NA;CSM
Euphorbia portlandica;30TVN21;NA;CSM
Euphorbia portlandica;30TVN51;NA;CSM
Galium estebanii;30SVG60;NA;CSM
Genista versicolor;30TYN32;NA;CSM
Genista versicolor;30SXJ22;NA;CSM
Genista versicolor;30SXJ23;NA;CSM
Genista versicolor;30SVG67;NA;CSM
Limonium majus;30SYJ07;NA;CSM
Ornithogalum reverchonii;30SWH01;NA;CSM
Ornithogalum reverchonii;30TTK75;NA;CSM
Ornithogalum reverchonii;30SUF96;NA;CSM
Quercus canariensis;30SVG99;NA;CSM
Quercus canariensis;30SWG09;NA;CSM
Quercus canariensis;30TUN24;NA;improbable (CSM rev IRG)
Quercus canariensis;31TBG56;NA;improbable (CSM rev IRG)
Quercus canariensis;29TPG93;NA;improbable (CSM rev IRG)
Quercus canariensis;29TPG11;NA;improbable (CSM rev IRG)
Quercus canariensis;29TPG70;NA;improbable (CSM rev IRG)
Quercus canariensis;29TPG90;NA;improbable (CSM rev IRG)
Quercus canariensis;29TQF09;NA;improbable (CSM rev IRG)
Quercus canariensis;29TPF88;NA;improbable (CSM rev IRG)
Quercus canariensis;29TPF98;NA;improbable (CSM rev IRG)
Quercus canariensis;29TPF77;NA;improbable (CSM rev IRG)
Quercus canariensis;29TPF87;NA;improbable (CSM rev IRG)
Quercus canariensis;29TPF25;NA;improbable (CSM rev IRG)
Quercus canariensis;29TPF15;NA;improbable (CSM rev IRG)
Quercus canariensis;29TPF05;NA;improbable (CSM rev IRG)
Quercus canariensis;29TNF22;NA;improbable (CSM rev IRG)
Quercus canariensis;29TNE24;NA;improbable (CSM rev IRG)
Quercus canariensis;29TNE34;NA;improbable (CSM rev IRG)
Quercus canariensis;29SNE32;NA;improbable (CSM rev IRG)
Quercus canariensis;29SQE51;NA;improbable (CSM rev IRG)
Quercus canariensis;29TNE24;NA;improbable (CSM rev IRG)
Quercus canariensis;29TNE34;NA;improbable (CSM rev IRG)
Quercus canariensis;29SNE32;NA;improbable (CSM rev IRG)
Quercus canariensis;29SND07;NA;improbable (CSM rev IRG)
Quercus canariensis;29SND04;NA;improbable (CSM rev IRG)
Quercus canariensis;29SMD93;NA;improbable (CSM rev IRG)
Quercus canariensis;29SMD70;NA;improbable (CSM rev IRG)
Quercus canariensis;29SMC88;NA;improbable (CSM rev IRG)
Quercus canariensis;29SNC30;NA;improbable (CSM rev IRG)
Quercus canariensis;29SNC31;NA;improbable (CSM rev IRG)
Quercus canariensis;29SNC32;NA;improbable (CSM rev IRG)
Quercus canariensis;29SNC62;NA;improbable (CSM rev IRG)
Quercus canariensis;29SPB29;NA;improbable (CSM rev IRG)
Quercus canariensis;29SQD00;NA;improbable (CSM rev IRG)
Quercus canariensis;30TVL90;NA;improbable (CSM rev IRG)
Quercus canariensis;30TWL54;NA;improbable (CSM rev IRG)
Quercus canariensis;30TWK58;NA;improbable (CSM rev IRG)
Quercus canariensis;30TWK98;NA;improbable (CSM rev IRG)
Quercus canariensis;30TWK95;NA;improbable (CSM rev IRG)
Quercus canariensis;30TYK03;NA;improbable (CSM rev IRG)
Quercus canariensis;30SWJ98;NA;improbable (CSM rev IRG)
Quercus canariensis;30SWJ77;NA;improbable (CSM rev IRG)
Quercus robur;30SVF99;NA;CSM
Quercus robur;29SPB95;NA;CSM
Quercus robur;29SQB09;NA;CSM
Quercus robur;29SQC21;NA;CSM
Quercus robur;29SQD00;NA;CSM
Quercus robur;29SQD53;NA;CSM
Quercus robur;30SUJ20;NA;CSM
Quercus robur;30SUJ21;NA;CSM
Thymelaea dioica;30SVG26;NA;CSM
Teucrium fruticans;30TVK86;NA;IRG
Teucrium fruticans;30SXJ78;NA;IRG
Teucrium fruticans;30SYJ29;NA;IRG
Teucrium fruticans;31TBE43;NA;IRG
Teucrium pseudoscorodonia;29SNB41;NA;IRG
Teucrium pseudoscorodonia;29SPC46;NA;IRG
Teucrium pseudoscorodonia;29SPC56;NA;IRG
Teucrium pseudoscorodonia;29SPD54;NA;IRG
Teucrium pseudoscorodonia;29SQC11;NA;IRG
Teucrium pseudoscorodonia;29SQC41;NA;IRG
Teucrium pseudoscorodonia;29SQE41;NA;IRG
Teucrium pseudoscorodonia;29TQE16;NA;IRG
Teucrium pseudoscorodonia;29TQE37;NA;IRG
Teucrium pseudoscorodonia;29TQE47;NA;IRG
Teucrium pseudoscorodonia;30SUJ07;NA;IRG
Teucrium pseudoscorodonia;30SUJ62;NA;IRG
Thapsia garganica;29SNB82;NA;IRG
Thapsia garganica;29SPB06;NA;IRG
Thapsia garganica;29SPB29;NA;IRG
Thapsia garganica;29SPC62;NA;IRG
Thapsia garganica;29SPC67;NA;IRG
Thapsia garganica;29SPD58;NA;IRG
Thapsia garganica;29SPD61;NA;IRG
Thapsia garganica;29SPD89;NA;IRG
Thapsia garganica;29SQC11;NA;IRG
Thapsia garganica;29SQC24;NA;IRG
Thapsia garganica;29SQD27;NA;IRG
Thapsia garganica;30STG95;NA;IRG
Thapsia garganica;30STH85;NA;IRG
Thapsia garganica;30STJ40;NA;IRG
Thapsia garganica;30SUH37;NA;IRG
Thapsia garganica;30SVG59;NA;IRG
Thymelaea villosa;30SWG70;NA;IRG
Tragopogon crocifolius;29SQD02;NA;IRG
Tragopogon crocifolius;29SQC36;NA;IRG
Tragopogon crocifolius;29SQC44;NA;IRG
Trifolium bocconei;30SYJ22;NA;IRG
Trifolium hybridum;30STK52;NA;IRG
Trifolium hybridum;29SQD21;NA;IRG
Trifolium hybridum;29SPD70;NA;IRG
Trifolium hybridum;29SQC45;NA;IRG
Trifolium hybridum;29SQC40;NA;IRG
Trifolium hybridum;29SMD94;NA;IRG
Trifolium incarnatum;29SMC77;NA;IRG
Trifolium incarnatum;29SMC88;NA;IRG
Trifolium incarnatum;29SND28;NA;IRG
Trifolium incarnatum;29SND67;NA;IRG
Trifolium incarnatum;29SPB29;NA;IRG
Trifolium incarnatum;29SPC20;NA;IRG
Trifolium incarnatum;29SPC49;NA;IRG
Trifolium incarnatum;29SPC59;NA;IRG
Trifolium incarnatum;29SPD26;NA;IRG
Trifolium incarnatum;29SPD70;NA;IRG
Trifolium incarnatum;29SPE32;NA;IRG
Trifolium incarnatum;29SQD27;NA;IRG
Trifolium incarnatum;29SQE11;NA;IRG
Trifolium incarnatum;29TNE65;NA;IRG
Trifolium incarnatum;29TNF25;NA;IRG
Trifolium incarnatum;29TNF44;NA;IRG
Trifolium incarnatum;29TNF99;NA;IRG
Trifolium incarnatum;29TNG22;NA;IRG
Trifolium incarnatum;29TPE33;NA;IRG
Trifolium incarnatum;29TPE43;NA;IRG
Trifolium incarnatum;29TPF99;NA;IRG
Trifolium incarnatum;29TPG83;NA;IRG
Trifolium incarnatum;30STK52;NA;IRG
Trifolium incarnatum;30SVF37;NA;IRG
Trifolium incarnatum;30TVK37;NA;IRG
Trifolium incarnatum;30TXN21;NA;IRG
Trifolium isthmocarpum;30TXM33;NA;IRG
Trifolium ligusticum;30TXK78;NA;IRG
Trifolium obscurum;30TXM71;NA;IRG
Trifolium obscurum;30TUK16;NA;IRG
Trifolium suffocatum;30SYJ31;NA;IRG
Tuberaria commutata;30SXK00;NA;IRG
Tuberaria commutata;30SXK12;NA;IRG
Tuberaria commutata;30SXK21;NA;IRG
Tuberaria commutata;30SXK30;NA;IRG
Tuberaria commutata;30SXK50;NA;IRG
Tuberaria commutata;30TWK63;NA;IRG
Tuberaria commutata;30TWL33;NA;IRG
Tuberaria echioides;29SPD70;NA;IRG
Tuberaria echioides;29SQC15;NA;IRG
Tuberaria echioides;30SVG26;NA;IRG
Tulipa sylvestris sylvestris;30TUK54;NA;IRG
Ulex minor;30TVN57;NA;IRG
Ulex minor;30TVN56;NA;IRG
Ulmus glabra;29SQB09;NA;IRG
Ulmus glabra;29TQE47;NA;IRG
Urginea maritima;30TXL29;NA;IRG
Veronica catenata;30TWM64;NA;IRG
Vicia cracca;29SPD70;NA;IRG
Vicia cracca;30STJ98;NA;IRG
Vicia cracca;30TTK94;NA;IRG
Vicia cracca;30TTK56;NA;IRG
Vicia lutea vestita;30TYK03;NA;IRG
Vicia lutea vestita;30TYK14;NA;IRG
Vicia lutea vestita;30SYJ39;NA;IRG
Vinca minor;29SQC31;NA;IRG
Vinca minor;30SWK61;NA;IRG
Vinca minor;30TTK76;NA;IRG
Vinca minor;29TQE16;NA;IRG
Viola alba;29SPD70;NA;IRG
Viola alba;29SPC94;NA;IRG
Viola alba;29SQC25;NA;IRG
Asplenium scolopendrium;30TVK47;NA;IRG (SMM)
Gyrocaryum oppositifolium;30STG69;NA;IRG
Callitriche cribrosa;29SPB54;NA;JCM
Callitriche cribrosa;29SPD54;NA;JCM
Callitriche obtusangula;30STJ98;NA;JCM
Dryopteris corleyi;30TWN84;NA;JCM
Geranium dolomiticum;29TPG89;NA;JCM
Geranium dolomiticum;29TPH91;NA;JCM
Geranium dolomiticum;29TQH00;NA;JCM
Geranium dolomiticum;29TQH15;NA;JCM
Geranium dolomiticum;29TQH16;NA;JCM
Geranium dolomiticum;29TQH25;NA;JCM
Hydrocharis morsus-ranae;30TVN16;NA;JCM
Hydrocharis morsus-ranae;30TVN26;NA;JCM
Pinus halepensis;29SMD91;NA;JCM
Pinus halepensis;29SNB50;NA;JCM
Pinus halepensis;29SNB61;NA;JCM
Pinus halepensis;29SNB72;NA;JCM
Pinus halepensis;29SNC37;NA;JCM
Pinus halepensis;29SND01;NA;JCM
Pinus halepensis;29SND16;NA;JCM
Pinus halepensis;29SND25;NA;JCM
Pinus halepensis;29SPD61;NA;JCM
Pinus halepensis;29SPD70;NA;JCM
Pinus halepensis;29TNE43;NA;JCM
Pinus halepensis;29TNE45;NA;JCM
Pinus sylvestris;29SMD85;NA;JCM
Pinus sylvestris;30STJ69;NA;JCM
Pinus sylvestris;30SUF16;NA;JCM
Pinus sylvestris;30SVG55;NA;JCM
Pinus sylvestris;30SVG68;NA;JCM
Pinus uncinata;29TPH67;NA;JCM
Pinus uncinata;29TPH67;NA;JCM
Pinus uncinata;29TPH86;NA;JCM
Pinus uncinata;29TPH86;NA;JCM
Pinus uncinata;29TPJ40;NA;JCM
Pinus uncinata;29TPJ40;NA;JCM
Pinus uncinata;30TXL28;NA;JCM
Pinus uncinata;30TXL28;NA;JCM
Quercus canariensis;29SMC88;NA;JCM
Quercus canariensis;29SMD70;NA;JCM
Quercus canariensis;29SNB00;NA;JCM
Quercus canariensis;29SNB27;NA;JCM
Quercus canariensis;29SNC30;NA;JCM
Quercus canariensis;29SNC31;NA;JCM
Quercus canariensis;29SNC32;NA;JCM
Quercus canariensis;29SNC62;NA;JCM
Quercus canariensis;29SNC76;NA;JCM
Quercus canariensis;29SNC77;NA;JCM
Quercus canariensis;29SNC78;NA;JCM
Quercus canariensis;29SND07;NA;JCM
Quercus canariensis;29SND70;NA;JCM
Quercus canariensis;29SND71;NA;JCM
Quercus canariensis;29SND81;NA;JCM
Quercus canariensis;29SNE32;NA;JCM
Quercus canariensis;29SPC19;NA;JCM
Quercus canariensis;29SPC96;NA;JCM
Quercus canariensis;29SPD01;NA;JCM
Quercus canariensis;29SPD11;NA;JCM
Quercus canariensis;29SPD35;NA;JCM
Quercus canariensis;29SQC06;NA;JCM
Quercus canariensis;29SQC44;NA;JCM
Quercus canariensis;29SQD00;NA;JCM
Quercus canariensis;29SQE51;NA;JCM
Quercus canariensis;29TNE24;NA;JCM
Quercus canariensis;29TNE34;NA;JCM
Quercus canariensis;29TNF22;NA;JCM
Quercus canariensis;29TPF05;NA;JCM
Quercus canariensis;29TPF15;NA;JCM
Quercus canariensis;29TPF25;NA;JCM
Quercus canariensis;29TPF77;NA;JCM
Quercus canariensis;29TPF87;NA;JCM
Quercus canariensis;29TPF88;NA;JCM
Quercus canariensis;29TPF98;NA;JCM
Quercus canariensis;29TPG11;NA;JCM
Quercus canariensis;29TPG70;NA;JCM
Quercus canariensis;29TPG90;NA;JCM
Quercus canariensis;29TPG93;NA;JCM
Quercus canariensis;29TQF09;NA;JCM
Quercus canariensis;30SUJ20;NA;JCM
Quercus canariensis;30SUJ21;NA;JCM
Quercus canariensis;30SVG99;NA;JCM
Quercus canariensis;30SWG09;NA;JCM
Quercus canariensis;30SWJ77;NA;JCM
Quercus canariensis;30SWJ98;NA;JCM
Quercus canariensis;30TUN24;NA;JCM
Quercus canariensis;30TVL90;NA;JCM
Quercus canariensis;30TWK58;NA;JCM
Quercus canariensis;30TWK95;NA;JCM
Quercus canariensis;30TWK98;NA;JCM
Quercus canariensis;30TWL54;NA;JCM
Quercus canariensis;30TYK03;NA;JCM
Quercus canariensis;31TBG56;NA;JCM
Quercus canariensis;31TCG51;NA;JCM
Quercus lusitanica;30STJ98;NA;JCM
Quercus lusitanica;31TCG23;NA;JCM
Quercus pauciradiata;30TTK94;NA;JCM
Quercus pauciradiata;30TTL76;NA;JCM
Quercus pauciradiata;31TCG26;NA;JCM
Quercus pubescens;29SMC99;NA;JCM
Quercus pubescens;29SMD86;NA;JCM
Quercus pubescens;29TNF84;NA;JCM
Quercus pubescens;29TPE47;NA;JCM
Quercus pubescens;29TPE95;NA;JCM
Quercus pubescens;29TPE95;NA;JCM
Quercus pubescens;29TPF05;NA;JCM
Quercus pubescens;29TPF49;NA;JCM
Quercus pubescens;29TPF72;NA;JCM
Quercus pubescens;29TPF73;NA;JCM
Quercus pubescens;29TPF98;NA;JCM
Quercus pubescens;29TPG40;NA;JCM
Quercus pubescens;29TPG70;NA;JCM
Quercus pubescens;29TPG80;NA;JCM
Quercus pubescens;29TPG83;NA;JCM
Quercus pubescens;29TPG93;NA;JCM
Quercus pubescens;30STJ98;NA;JCM
Quercus pubescens;30STK52;NA;JCM
Quercus pubescens;30STK72;NA;JCM
Quercus pubescens;30STK73;NA;JCM
Quercus pubescens;30STK74;NA;JCM
Quercus pubescens;30TTK63;NA;JCM
Quercus pubescens;30TTK94;NA;JCM
Quercus pubescens;30TUK03;NA;JCM
Quercus pubescens;30TUM51;NA;JCM
Quercus pubescens;30TUN24;NA;JCM
Quercus pubescens;30TUN44;NA;JCM
Quercus pubescens;30TUN48;NA;JCM
Quercus pubescens;30TUN74;NA;JCM
Quercus pubescens;30TUN76;NA;JCM
Quercus pubescens;30TVM28;NA;JCM
Quercus pubescens;30TVM28;NA;JCM
Quercus pubescens;30TVM86;NA;JCM
Quercus pubescens;30TWM66;NA;JCM
Quercus pubescens;30TXK04;NA;JCM
Quercus pubescens;30TXK29;NA;JCM
Quercus pubescens;30TXK94;NA;JCM
Quercus pubescens;30TXK97;NA;JCM
Quercus pyrenaica;29SNB24;NA;JCM
Quercus pyrenaica;29SNB24;NA;JCM
Quercus pyrenaica;29SNB35;NA;JCM
Quercus pyrenaica;29SNB35;NA;JCM
Quercus pyrenaica;29SNC62;NA;JCM
Quercus pyrenaica;29SNC62;NA;JCM
Quercus pyrenaica;29SPB01;NA;JCM
Quercus pyrenaica;29SQB01;NA;JCM
Quercus pyrenaica;29SPB95;NA;JCM
Quercus pyrenaica;29SPB57;NA;JCM
Quercus robur;29SQB09;NA;JCM
Quercus robur;29SNB12;NA;JCM
Quercus robur;29SNB13;NA;JCM
Quercus robur;29SNB23;NA;JCM
Quercus robur;29SNB32;NA;JCM
Quercus robur;29SNB36;NA;JCM
Quercus robur;29SNC20;NA;JCM
Quercus robur;29SNC31;NA;JCM
Quercus robur;29SNC32;NA;JCM
Quercus robur;29SNC76;NA;JCM
Quercus robur;29SNC96;NA;JCM
Quercus robur;29SPB95;NA;JCM
Quercus robur;29SQC21;NA;JCM
Quercus robur;29SQD00;NA;JCM
Quercus robur;29SQD53;NA;JCM
Quercus robur;30SUJ20;NA;JCM
Quercus robur;30SUJ21;NA;JCM
Quercus robur;30SVF99;NA;JCM
Quercus robur;30TYN10;NA;JCM
Sesamoides interrupta;29SNC12;NA;JCM
Sesamoides interrupta;29SNC12;NA;JCM
Sesamoides interrupta;29SNC23;NA;JCM
Sesamoides interrupta;29SNC23;NA;JCM
Sesamoides interrupta;29SNC25;NA;JCM
Sesamoides interrupta;29SNC25;NA;JCM
Sesamoides interrupta;29SQB49;NA;JCM
Sesamoides interrupta;29SQC17;NA;JCM
Sesamoides interrupta;29SQC27;NA;JCM
Sesamoides interrupta;29SQD11;NA;JCM
Sesamoides interrupta;29TPE77;NA;JCM
Sesamoides interrupta;29TPE77;NA;JCM
Sesamoides interrupta;30SUJ07;NA;JCM
Sesamoides interrupta;30TTK66;NA;JCM
Sesamoides interrupta;30TTK75;NA;JCM
Sesamoides interrupta;30TTK94;NA;JCM
Sesamoides interrupta;31TBH92;NA;JCM
Sesamoides interrupta;31TCH32;NA;JCM
Sesamoides interrupta;31TCH32;NA;JCM
Silene longicilia;30STF70;NA;JCM
Silene nemoralis;30TVL74;NA;JCM
Soleirolia soleirolii;29TNE45;NA;JCM
Soleirolia soleirolii;29TNE56;NA;JCM
Soleirolia soleirolii;29TNE66;NA;JCM
Soleirolia soleirolii;29TNF23;NA;JCM
Soleirolia soleirolii;29TNF30;NA;JCM
Soleirolia soleirolii;29TNF35;NA;JCM
Soleirolia soleirolii;30TVK09;NA;JCM
Stachys sylvatica;30SVH54;NA;JCM
Taraxacum cordatum;29SPC00;NA;JCM
Taraxacum cordatum;29SPD70;NA;JCM
Taraxacum cordatum;29SQD27;NA;JCM
Taraxacum cordatum;29SQD31;NA;JCM
Taraxacum cordatum;30STJ69;NA;JCM
Taraxacum cordatum;30TTK94;NA;JCM
Taraxacum navacerradense;29SQC21;NA;JCM
Taraxacum navacerradense;29SQC31;NA;JCM
Taraxacum navacerradense;29SQC35;NA;JCM
Taxus baccata;29SPD70;NA;JCM
Teline monspessulana;29SMC88;NA;JCM
Teline monspessulana;29SMD85;NA;JCM
Teline monspessulana;29SMD86;NA;JCM
Teline monspessulana;29SNB53;NA;JCM
Teline monspessulana;29SNC10;NA;JCM
Teline monspessulana;29SNC20;NA;JCM
Teline monspessulana;29TNG45;NA;JCM
Teucrium chamaedrys;29SQC19;NA;JCM
Teucrium chamaedrys;29SQD27;NA;JCM
Spartium junceum;29SMC79;NA;JCM
Spartium junceum;29SMC86;NA;JCM
Spartium junceum;29SMD70;NA;JCM
Spartium junceum;29SMD92;NA;JCM
Spartium junceum;29SNB10;NA;JCM
Spartium junceum;29SNB51;NA;JCM
Spartium junceum;29SNB70;NA;JCM
Spartium junceum;29SNB83;NA;JCM
Spartium junceum;29SNC06;NA;JCM
Spartium junceum;29SND01;NA;JCM
Spartium junceum;29SPA09;NA;JCM
Spartium junceum;29SPB03;NA;JCM
Spartium junceum;29SPB71;NA;JCM
Spartium junceum;29SPC03;NA;JCM
Spartium junceum;29SPC29;NA;JCM
Spartium junceum;29SQD12;NA;JCM
Spartium junceum;29TNE23;NA;JCM
Spartium junceum;29TNE33;NA;JCM
Spartium junceum;29TNE46;NA;JCM
Spartium junceum;29TNE65;NA;JCM
Spartium junceum;29TNG24;NA;JCM
Spartium junceum;30SWJ06;NA;JCM
Spartium junceum;30SXH75;NA;JCM
Spartium junceum;30SXH95;NA;JCM
Spartium junceum;30SXJ67;NA;JCM
Spartium junceum;30SXJ74;NA;JCM
Spartium junceum;30SXJ86;NA;JCM
Spartium junceum;30SXJ96;NA;JCM
Spartium junceum;30SXJ99;NA;JCM
Spartium junceum;30SXK10;NA;JCM
Spartium junceum;30SXK20;NA;JCM
Spartium junceum;30SYH06;NA;JCM
Spartium junceum;30SYH09;NA;JCM
Spartium junceum;30SYH28;NA;JCM
Spartium junceum;30SYH57;NA;JCM
Spartium junceum;30SYJ00;NA;JCM
Spartium junceum;30SYJ07;NA;JCM
Spartium junceum;30SYJ08;NA;JCM
Spartium junceum;30SYJ11;NA;JCM
Spartium junceum;30SYJ12;NA;JCM
Spartium junceum;30SYJ17;NA;JCM
Spartium junceum;30SYJ18;NA;JCM
Spartium junceum;30SYJ26;NA;JCM
Spartium junceum;30SYJ27;NA;JCM
Spartium junceum;30SYJ28;NA;JCM
Spartium junceum;30SYJ29;NA;JCM
Spartium junceum;30SYJ31;NA;JCM
Spartium junceum;30SYJ39;NA;JCM
Spartium junceum;30SYK10;NA;JCM
Spartium junceum;30SYK11;NA;JCM
Spartium junceum;30SYK20;NA;JCM
Spartium junceum;30SYK21;NA;JCM
Spartium junceum;30SYK32;NA;JCM
Spartium junceum;30TTM50;NA;JCM
Spartium junceum;30TUK65;NA;JCM
Spartium junceum;30TUK96;NA;JCM
Spartium junceum;30TVK09;NA;JCM
Spartium junceum;30TVK19;NA;JCM
Spartium junceum;30TVK27;NA;JCM
Spartium junceum;30TVK28;NA;JCM
Spartium junceum;30TVK29;NA;JCM
Spartium junceum;30TVK37;NA;JCM
Spartium junceum;30TVK43;NA;JCM
Spartium junceum;30TVK46;NA;JCM
Spartium junceum;30TVK47;NA;JCM
Spartium junceum;30TVK53;NA;JCM
Spartium junceum;30TVK57;NA;JCM
Spartium junceum;30TVK59;NA;JCM
Spartium junceum;30TVK66;NA;JCM
Spartium junceum;30TVK69;NA;JCM
Spartium junceum;30TVK94;NA;JCM
Spartium junceum;30TVL00;NA;JCM
Spartium junceum;30TVL20;NA;JCM
Spartium junceum;30TVL31;NA;JCM
Spartium junceum;30TVL33;NA;JCM
Spartium junceum;30TVL44;NA;JCM
Spartium junceum;30TVL52;NA;JCM
Spartium junceum;30TVL53;NA;JCM
Spartium junceum;30TVL54;NA;JCM
Spartium junceum;30TVL55;NA;JCM
Spartium junceum;30TVL82;NA;JCM
Spartium junceum;30TVL92;NA;JCM
Spartium junceum;30TWK73;NA;JCM
Spartium junceum;30TWL31;NA;JCM
Spartium junceum;30TWM17;NA;JCM
Spartium junceum;30TWM68;NA;JCM
Spartium junceum;30TXK75;NA;JCM
Spartium junceum;30TXK94;NA;JCM
Spartium junceum;30TXL62;NA;JCM
Spartium junceum;30TXL73;NA;JCM
Spartium junceum;30TXN91;NA;JCM
Spartium junceum;30TYK04;NA;JCM
Spartium junceum;30TYK24;NA;JCM
Spartium junceum;30TYK56;NA;JCM
Spartium junceum;30TYL30;NA;JCM
Spartium junceum;30TYN02;NA;JCM
Spartium junceum;31SBC48;NA;JCM
Spartium junceum;31SBC49;NA;JCM
Spartium junceum;31SBC58;NA;JCM
Spartium junceum;31SBC59;NA;JCM
Spartium junceum;31TBE43;NA;JCM
Spartium junceum;31TBE46;NA;JCM
Spartium junceum;31TBE66;NA;JCM
Spartium junceum;31TBE77;NA;JCM
Spartium junceum;31TBF64;NA;JCM
Spartium junceum;31TBG59;NA;JCM
Onobrychis supina;30STJ76;NA;JPA
Ononis pubescens;30TVK47;NA;JPA
Ononis pubescens;30TVL78;NA;JPA
Ononis spinosa antiquorum;30TVL24;NA;JPA
Ononis spinosa antiquorum;30TVL68;NA;JPA
Ononis spinosa antiquorum;30TWM25;NA;JPA
Ononis spinosa antiquorum;30TWM48;NA;JPA
Ononis spinosa antiquorum;30TWM63;NA;JPA
Ononis spinosa antiquorum;30TWM64;NA;JPA
Ononis spinosa antiquorum;30TXL55;NA;JPA
Ononis spinosa antiquorum;30TXL56;NA;JPA
Orchis spitzelii;30SUF26;NA;JPA
Orchis spitzelii;30TVM55;NA;JPA
Orchis spitzelii;30TVN74;NA;JPA
Orchis spitzelii;30TVN83;NA;JPA
Orchis spitzelii;30TXN04;NA;JPA
Orchis spitzelii;30TXN55;NA;JPA
Orchis spitzelii;30TYN00;NA;JPA
Orchis spitzelii;30TYN01;NA;JPA
Origanum compactum;29SMC85;NA;JPA
Origanum compactum;29SPD30;NA;JPA
Ornithopus sativus isthmocarpus;30TVM73;NA;JPA
Ornithopus sativus isthmocarpus;30TVM83;NA;JPA
Ornithopus sativus isthmocarpus;30TVM93;NA;JPA
Ornithopus sativus isthmocarpus;30TWM01;NA;JPA
Ornithopus sativus isthmocarpus;30TWM02;NA;JPA
Ornithopus sativus isthmocarpus;30TWM11;NA;JPA
Ornithopus sativus isthmocarpus;30TWM13;NA;JPA
Orobanche artemisiae-campestris;adiciones;NA;JPA
Orobanche caryophyllacea;29SQC06;NA;JPA
Orobanche caryophyllacea;30STH42;NA;JPA
Otospermum glabrum;30SWF87;NA;JPA
Petrocoptis pardoi;31TCG66;NA;JPA
Petrocoptis pardoi;31TCG06;NA;JPA
Petrocoptis pardoi;31TCG16;NA;JPA
Petrocoptis pardoi;31TCG05;NA;JPA
Petrocoptis pardoi;31TCG15;NA;JPA
Petrocoptis pardoi;31TCG25;NA;JPA
Petrocoptis pardoi;31TCG24;NA;JPA
Petrocoptis pardoi;31TCG34;NA;JPA
Petrocoptis pardoi;31TBG93;NA;JPA
Petrocoptis pardoi;31TCG23;NA;JPA
Phagnalon sordidum;29SQC43;NA;JPA
Plantago subulata;29TQE16;NA;JPA
Plantago subulata;29TQF21;NA;JPA
Plantago subulata;30SXK40;NA;JPA
Plantago subulata;30SVG60;NA;JPA
Plantago subulata;30SWG13;NA;JPA
Plantago subulata;30SWG19;NA;JPA
Plantago subulata;30TWL60;NA;JPA
Plantago subulata;30TWL50;NA;JPA
Plantago subulata;30TXL28;NA;JPA
Plantago subulata;30TXL21;NA;JPA
Plantago subulata;30TXL23;NA;JPA
Plantago subulata;30TXL22;NA;JPA
Plantago subulata;30TXL54;NA;JPA
Plantago subulata;30TXL53;NA;JPA
Plantago subulata;30TXL56;NA;JPA
Plantago subulata;30TXL55;NA;JPA
Plantago subulata;30TXL43;NA;JPA
Plantago subulata;30TVM78;NA;JPA
Plantago subulata;30TVM77;NA;JPA
Plantago subulata;30TVM92;NA;JPA
Plantago subulata;30TVM95;NA;JPA
Plantago subulata;30TVM94;NA;JPA
Plantago subulata;30TVM97;NA;JPA
Plantago subulata;30TVM32;NA;JPA
Plantago subulata;30TVL95;NA;JPA
Plantago subulata;30TXL09;NA;JPA
Plantago subulata;30TVN22;NA;JPA
Plantago subulata;30TXK44;NA;JPA
Plantago subulata;30TXK45;NA;JPA
Plantago subulata;30TXK77;NA;JPA
Plantago subulata;30TXK09;NA;JPA
Plantago subulata;30TXK33;NA;JPA
Plantago subulata;30TXK34;NA;JPA
Plantago subulata;30TXK28;NA;JPA
Plantago subulata;30TWM82;NA;JPA
Plantago subulata;30TWL44;NA;JPA
Plantago subulata;30TWL09;NA;JPA
Plantago subulata;30TTK86;NA;JPA
Plantago subulata;30TTK77;NA;JPA
Plantago subulata;30TTK76;NA;JPA
Plantago subulata;30TUN76;NA;JPA
Plantago subulata;30TTK66;NA;JPA
Plantago subulata;30TWM42;NA;JPA
Plantago subulata;30TWM44;NA;JPA
Plantago subulata;30TWM34;NA;JPA
Plantago subulata;30TWM33;NA;JPA
Plantago subulata;30TWM68;NA;JPA
Plantago subulata;30TWM67;NA;JPA
Plantago subulata;30TWM53;NA;JPA
Plantago subulata;30TWM56;NA;JPA
Plantago subulata;30TWM04;NA;JPA
Plantago subulata;30TWM01;NA;JPA
Plantago subulata;30TWM24;NA;JPA
Plantago subulata;30TWM23;NA;JPA
Plantago subulata;30TWM22;NA;JPA
Plantago subulata;30TWM14;NA;JPA
Plantago subulata;30TWM13;NA;JPA
Plantago subulata;30TWM15;NA;JPA
Polygonum maritimum;30TWM51;NA;JPA
Polygonum maritimum;30TWL09;NA;JPA
Polygonum maritimum;30TWL67;NA;JPA
Polygonum maritimum;30TWL46;NA;JPA
Polygonum maritimum;30TWL56;NA;JPA
Polygonum maritimum;30TYL34;NA;JPA
Primula elatior intricata;30TTN69;NA;JPA
Primula elatior intricata;30TTN92;NA;JPA
Primula elatior intricata;30TWN91;NA;JPA
Primula elatior intricata;30TXN16;NA;JPA
Primula elatior intricata;30TXN20;NA;JPA
Primula elatior intricata;31TDG64;NA;JPA
Primula elatior intricata;31TDG98;NA;JPA
Pulicaria sicula;30STG82;NA;JPA
Pulicaria sicula;30STG96;NA;JPA
Pulicaria sicula;30SXG08;NA;JPA
Pulicaria sicula;30SXH60;NA;JPA
Pulicaria sicula;30TVL82;NA;JPA
Pulicaria sicula;31TCF26;NA;JPA
Pulicaria vulgaris;30SVF88;NA;JPA
Pulicaria vulgaris;31TBH50;NA;JPA
Ranunculus glacialis;31TDG88;NA;JPA
Hippocrepis scabra;30TWM93;NA;JAM
Juniperus sabina;29SMC85;NA;JAM
Limonium agustebracteatum;30TYM28;NA;JAM
Lonicera arborea;31TBH51;NA;JAM
Medicago laciniata;30TVK48;NA;JAM
Medicago laciniata;30TVK37;NA;JAM
Medicago laciniata;30TVK43;NA;JAM
Medicago laciniata;29SQC33;NA;JAM
Narcissus cuatrecasasii;30SYH58;NA;JAM
Narcissus cuatrecasasii;30SVF88;NA;JAM
Narcissus cuatrecasasii;30SWG00;NA;JAM
Narcissus cuatrecasasii;30SVH65;NA;JAM
Narcissus tortifolius;30SWG75;NA;JAM
Odontites foliosus;29SMC85;NA;JAM
Ophrys atlantica;29SQC43;NA;JAM
Ornithogalum reverchonii;30TTK75;NA;JAM
Paronychia aretioies;29SQD39;NA;JAM
Abies alba;30TTN81;NA;LSG
Abies alba;30TTK55;NA;LSG
Abies alba;29SPD70;NA;LSG
Acer opalus granatense;30TWM38;NA;LSG
Acer platanoides;30TYK18;NA;LSG
Acer platanoides;30TWK73;NA;LSG
Acer platanoides;30SXJ86;NA;LSG
Adenocarpus gibbsianus;30TUK96;NA;LSG
Allium pruinatum;30TUN74;NA;LSG
Angelica razulii;31TDG11;NA;LSG
Angelica razulii;31TDG12;NA;LSG
Angelica razulii;31TDG20;NA;LSG
Angelica razulii;31TDG21;NA;LSG
Angelica razulii;31TDG22;NA;LSG
Angelica razulii;31TDG30;NA;LSG
Angelica razulii;31TDG32;NA;LSG
Angelica razulii;31TDG31;NA;LSG
Angelica razulii;29TQH35;NA;LSG
Angelica razulii;29TQH46;NA;LSG
Angelica razulii;30TTP50;NA;LSG
Angelica razulii;30TTN56;NA;LSG
Angelica razulii;30TTN85;NA;LSG
Angelica razulii;30TTP82;NA;LSG
Angelica razulii;30TUN26;NA;LSG
Angelica razulii;30TUN36;NA;LSG
Angelica razulii;30TUN86;NA;LSG
Angelica razulii;30TVN28;NA;LSG
Anthyllis vulneraria maura;30TVL19;NA;LSG
Anthyllis vulneraria maura;30TVM91;NA;LSG
Anthyllis vulneraria maura;30TVM92;NA;LSG
Anthyllis vulneraria maura;30TWM12;NA;LSG
Anthyllis vulneraria maura;30TWM63;NA;LSG
Anthyllis vulneraria maura;30TWM72;NA;LSG
Anthyllis vulneraria maura;30TWL50;NA;LSG
Anthyllis vulneraria maura;30TWL60;NA;LSG
Antirrhinum majus;29SNB13;NA;LSG
Antirrhinum majus;29SNC14;NA;LSG
Antirrhinum majus;29SNC05;NA;LSG
Antirrhinum majus;29SPC08;NA;LSG
Antirrhinum majus;29SPC95;NA;LSG
Antirrhinum majus;29SPD80;NA;LSG
Antirrhinum majus;30STF77;NA;LSG
Antirrhinum majus;30STF87;NA;LSG
Antirrhinum majus;30SUG84;NA;LSG
Antirrhinum majus;30SVG28;NA;LSG
Antirrhinum majus;30SXJ47;NA;LSG
Antirrhinum majus;30TXK17;NA;LSG
Antirrhinum majus;30TVK29;NA;LSG
Antirrhinum majus;30TWL54;NA;LSG
Antirrhinum majus;30TVL85;NA;LSG
Arenaria algarbiensis;29TPE88;NA;LSG
Armeria macrophylla;30SWG10;NA;LSG
Armeria macrophylla;29SNC23;NA;LSG
Armeria macrophylla;29SNC48;NA;LSG
Asphodelus aestivus ;30SYK51;NA;LSG
Asphodelus aestivus ;30TXK39;NA;LSG
Asphodelus aestivus ;30TXL66;NA;LSG
Asphodelus aestivus ;30TXL55;NA;LSG
Asphodelus aestivus ;30TXM01;NA;LSG
Asphodelus aestivus ;30TWL36;NA;LSG
Asphodelus aestivus ;30TVL77;NA;LSG
Asphodelus aestivus ;30TVL87;NA;LSG
Asphodelus aestivus ;30TVL97;NA;LSG
Asphodelus aestivus ;30TWM30;NA;LSG
Asphodelus aestivus ;30TWM20;NA;LSG
Asphodelus aestivus ;30TWM00;NA;LSG
Asphodelus aestivus ;30TWM01;NA;LSG
Asphodelus aestivus ;30TWM72;NA;LSG
Asphodelus aestivus ;30TWM63;NA;LSG
Asphodelus aestivus ;30TWM73;NA;LSG
Asphodelus aestivus ;30TWM83;NA;LSG
Asphodelus aestivus ;30TWM84;NA;LSG
Asphodelus aestivus ;30TWM33;NA;LSG
Asphodelus aestivus ;30TWM23;NA;LSG
Asphodelus aestivus ;30TWM34;NA;LSG
Asphodelus aestivus ;30TWM44;NA;LSG
Asphodelus aestivus ;30TWM66;NA;LSG
Asphodelus aestivus ;30TWM67;NA;LSG
Asphodelus aestivus ;30TWM48;NA;LSG
Asphodelus aestivus ;30TWM58;NA;LSG
Asphodelus aestivus ;30TWM00;NA;LSG
Asphodelus aestivus ;30TWM01;NA;LSG
Asphodelus aestivus ;30TWM02;NA;LSG
Asphodelus aestivus ;30TVM95;NA;LSG
Asphodelus aestivus ;30TVM85;NA;LSG
Asphodelus aestivus ;30TVM67;NA;LSG
Asphodelus aestivus ;30TWM09;NA;LSG
Asphodelus aestivus ;30TVL35;NA;LSG
Asphodelus aestivus ;30TVL45;NA;LSG
Asteriscus maritimus;30TXL29;NA;LSG
Astragalus depressus;30STJ76;NA;LSG
Atriplex tornabenei;30TXM71;NA;LSG
Atriplex tornabenei;29TNH03;NA;IRG
Buxus sempervirens;29SND48;NA;LSG
Buxus sempervirens;29SPD51;NA;LSG
Buxus sempervirens;29SQD27;NA;LSG
Buxus sempervirens;29TPF98;NA;LSG
Buxus sempervirens;29TNG45;NA;LSG
Buxus sempervirens;29TNG55;NA;LSG
Cachrys sicula;30TXM76;NA;LSG
Centaurea montana;30STJ98;NA;LSL
Centaurea montana;30TWL54;NA;LSL
Centaurea montana;30TXK28;NA;LSL
Centaurea montana;30SWG19;NA;LSL
Centaurea montana;30SWH30;NA;LSL
Centaurium grandiflorumgrandiflorum;29TPH31;NA;LSL
Centaurium grandiflorumgrandiflorum;29TPH41;NA;LSL
Ceratonia siliqua;29TNG84;NA;LSL
Ceratonia siliqua;29SQE11;NA;LSL
Ceratonia siliqua;30SXJ27;NA;LSL
Ceratophyllum submersum;29TQE17;NA;LSL
Clematis flammula;30TVN41;NA;LSL
Clematis recta;30SYJ00;NA;LSL
Clematis recta;30SYJ17;NA;LSL
Cochlearia pyrenaica;30TXM01;NA;LSL
Colutea arborescens;29SQC26;NA;IRG (ver LSL)
Colutea arborescens;29SQC45;NA;IRG (ver LSL)
Colutea arborescens;29SQC44;NA;IRG (ver LSL)
Colutea arborescens;29SQC43;NA;IRG (ver LSL)
Colutea arborescens;29SQC63;NA;IRG (ver LSL)
Colutea arborescens;30STH33;NA;IRG (ver LSL)
Colutea arborescens;30STH62;NA;IRG (ver LSL)
Colutea arborescens;30TVL86;NA;IRG (ver LSL)
Colutea arborescens;30TVM92;NA;IRG (ver LSL)
Colutea arborescens;30TWN02;NA;IRG (ver LSL)
Colutea arborescens;30TWM59;NA;IRG (ver LSL)
Colutea arborescens;30TWM80;NA;IRG (ver LSL)
Colutea arborescens;30TXM02;NA;IRG (ver LSL)
Conopodium marianum;30TWM11;NA;LSL
Cosentinia vellea;30TXL19;NA;LSL
Cosentinia vellea;30TXL29;NA;LSL
Crepis vesicaria;29SNC44;NA;LSL (C. taraxacifolia)
Crepis vesicaria;29SNC41;NA;LSL (C. taraxacifolia)
Crepis vesicaria;29SNC76;NA;LSL (C. taraxacifolia)
Crepis vesicaria;29SNC75;NA;LSL (C. taraxacifolia)
Crepis vesicaria;29SNC77;NA;LSL (C. taraxacifolia)
Crepis vesicaria;29SNC79;NA;LSL (C. taraxacifolia)
Crepis vesicaria;29SNC72;NA;LSL (C. taraxacifolia)
Crepis vesicaria;29SNC71;NA;LSL (C. taraxacifolia)
Crepis vesicaria;29SNC67;NA;LSL (C. taraxacifolia)
Crepis vesicaria;29SNC66;NA;LSL (C. taraxacifolia)
Crepis vesicaria;29SNC63;NA;LSL (C. taraxacifolia)
Crepis vesicaria;29SNC62;NA;LSL (C. taraxacifolia)
Crepis vesicaria;29SNC12;NA;LSL (C. taraxacifolia)
Crepis vesicaria;29SNC16;NA;LSL (C. taraxacifolia)
Crepis vesicaria;29SNC15;NA;LSL (C. taraxacifolia)
Crepis vesicaria;29SNC06;NA;LSL (C. taraxacifolia)
Crepis vesicaria;29SNC09;NA;LSL (C. taraxacifolia)
Crepis vesicaria;29SNC08;NA;LSL (C. taraxacifolia)
Crepis vesicaria;29SNC31;NA;LSL (C. taraxacifolia)
Crepis vesicaria;29SNC34;NA;LSL (C. taraxacifolia)
Crepis vesicaria;29SNC33;NA;LSL (C. taraxacifolia)
Crepis vesicaria;29SNC36;NA;LSL (C. taraxacifolia)
Crepis vesicaria;29SNC38;NA;LSL (C. taraxacifolia)
Crepis vesicaria;29SNC37;NA;LSL (C. taraxacifolia)
Crepis vesicaria;29SNC29;NA;LSL (C. taraxacifolia)
Crepis vesicaria;29SNC20;NA;LSL (C. taraxacifolia)
Crepis vesicaria;29SNC27;NA;LSL (C. taraxacifolia)
Crepis vesicaria;29SNC26;NA;LSL (C. taraxacifolia)
Crepis vesicaria;29SNC19;NA;LSL (C. taraxacifolia)
Crepis vesicaria;29SQB29;NA;LSL (C. taraxacifolia)
Crepis vesicaria;29SQB19;NA;LSL (C. taraxacifolia)
Crepis vesicaria;29SQB12;NA;LSL (C. taraxacifolia)
Crepis vesicaria;29SQB11;NA;LSL (C. taraxacifolia)
Crepis vesicaria;29SQB49;NA;LSL (C. taraxacifolia)
Crepis vesicaria;29SQB48;NA;LSL (C. taraxacifolia)
Crepis vesicaria;29SQB43;NA;LSL (C. taraxacifolia)
Crepis vesicaria;29SQB39;NA;LSL (C. taraxacifolia)
Crepis vesicaria;29SQB09;NA;LSL (C. taraxacifolia)
Crepis vesicaria;29SNA99;NA;LSL (C. taraxacifolia)
Crepis vesicaria;29SNA89;NA;LSL (C. taraxacifolia)
Crepis vesicaria;29SQB69;NA;LSL (C. taraxacifolia)
Crepis vesicaria;29SQB59;NA;LSL (C. taraxacifolia)
Crepis vesicaria;29SPD80;NA;LSL (C. taraxacifolia)
Crepis vesicaria;29SPD50;NA;LSL (C. taraxacifolia)
Crepis vesicaria;29SPD52;NA;LSL (C. taraxacifolia)
Crepis vesicaria;29SPD44;NA;LSL (C. taraxacifolia)
Crepis vesicaria;29SPD45;NA;LSL (C. taraxacifolia)
Crepis vesicaria;29SPD49;NA;LSL (C. taraxacifolia)
Crepis vesicaria;29SPD40;NA;LSL (C. taraxacifolia)
Crepis vesicaria;29SPD42;NA;LSL (C. taraxacifolia)
Crepis vesicaria;29SPD70;NA;LSL (C. taraxacifolia)
Crepis vesicaria;29SPD60;NA;LSL (C. taraxacifolia)
Crepis vesicaria;29SPD61;NA;LSL (C. taraxacifolia)
Crepis vesicaria;29SPD12;NA;LSL (C. taraxacifolia)
Crepis vesicaria;29SPD15;NA;LSL (C. taraxacifolia)
Crepis vesicaria;29SPD17;NA;LSL (C. taraxacifolia)
Crepis vesicaria;29SPD08;NA;LSL (C. taraxacifolia)
Crepis vesicaria;29SPD32;NA;LSL (C. taraxacifolia)
Crepis vesicaria;29SPD35;NA;LSL (C. taraxacifolia)
Crepis vesicaria;29SPD36;NA;LSL (C. taraxacifolia)
Crepis vesicaria;29SPD29;NA;LSL (C. taraxacifolia)
Crepis vesicaria;29SPD21;NA;LSL (C. taraxacifolia)
Crepis vesicaria;29SPD26;NA;LSL (C. taraxacifolia)
Crepis vesicaria;29SPD27;NA;LSL (C. taraxacifolia)
Crepis vesicaria;29SPD19;NA;LSL (C. taraxacifolia)
Crepis vesicaria;29SPD18;NA;LSL (C. taraxacifolia)
Crepis vesicaria;29SMC86;NA;LSL (C. taraxacifolia)
Crepis vesicaria;29SMC85;NA;LSL (C. taraxacifolia)
Crepis vesicaria;29SMC88;NA;LSL (C. taraxacifolia)
Crepis vesicaria;29SMC87;NA;LSL (C. taraxacifolia)
Crepis vesicaria;29SMC77;NA;LSL (C. taraxacifolia)
Crepis vesicaria;29SMC79;NA;LSL (C. taraxacifolia)
Crepis vesicaria;29SMC78;NA;LSL (C. taraxacifolia)
Crepis vesicaria;29SPE70;NA;LSL (C. taraxacifolia)
Crepis vesicaria;29SPE71;NA;LSL (C. taraxacifolia)
Crepis vesicaria;29SMC97;NA;LSL (C. taraxacifolia)
Crepis vesicaria;29SMC96;NA;LSL (C. taraxacifolia)
Crepis vesicaria;29SMC95;NA;LSL (C. taraxacifolia)
Crepis vesicaria;29SPE82;NA;LSL (C. taraxacifolia)
Crepis vesicaria;29SMC68;NA;LSL (C. taraxacifolia)
Crepis vesicaria;29SPE31;NA;LSL (C. taraxacifolia)
Crepis vesicaria;29SPE30;NA;LSL (C. taraxacifolia)
Crepis vesicaria;29SPE21;NA;LSL (C. taraxacifolia)
Crepis vesicaria;29SPE20;NA;LSL (C. taraxacifolia)
Crepis vesicaria;29SPE50;NA;LSL (C. taraxacifolia)
Crepis vesicaria;29SPE52;NA;LSL (C. taraxacifolia)
Crepis vesicaria;29SPE51;NA;LSL (C. taraxacifolia)
Crepis vesicaria;29SPE41;NA;LSL (C. taraxacifolia)
Crepis vesicaria;29SPE40;NA;LSL (C. taraxacifolia)
Crepis vesicaria;29SPE11;NA;LSL (C. taraxacifolia)
Crepis vesicaria;29SPE00;NA;LSL (C. taraxacifolia)
Crepis vesicaria;29SPE02;NA;LSL (C. taraxacifolia)
Crepis vesicaria;29SPB45;NA;LSL (C. taraxacifolia)
Crepis vesicaria;29SPB49;NA;LSL (C. taraxacifolia)
Crepis vesicaria;29SPB41;NA;LSL (C. taraxacifolia)
Crepis vesicaria;29SPB44;NA;LSL (C. taraxacifolia)
Crepis vesicaria;29SPB79;NA;LSL (C. taraxacifolia)
Crepis vesicaria;29SPB69;NA;LSL (C. taraxacifolia)
Crepis vesicaria;29SPB17;NA;LSL (C. taraxacifolia)
Crepis vesicaria;29SMD96;NA;LSL (C. taraxacifolia)
Crepis vesicaria;29SPB16;NA;LSL (C. taraxacifolia)
Crepis vesicaria;29SPB11;NA;LSL (C. taraxacifolia)
Crepis vesicaria;29SMD90;NA;LSL (C. taraxacifolia)
Crepis vesicaria;29SMD91;NA;LSL (C. taraxacifolia)
Crepis vesicaria;29SMD93;NA;LSL (C. taraxacifolia)
Crepis vesicaria;29SPB02;NA;LSL (C. taraxacifolia)
Crepis vesicaria;29SPB01;NA;LSL (C. taraxacifolia)
Crepis vesicaria;29SPB06;NA;LSL (C. taraxacifolia)
Crepis vesicaria;29SPB05;NA;LSL (C. taraxacifolia)
Crepis vesicaria;29SPB08;NA;LSL (C. taraxacifolia)
Crepis vesicaria;29SPB07;NA;LSL (C. taraxacifolia)
Crepis vesicaria;29SPB34;NA;LSL (C. taraxacifolia)
Crepis vesicaria;29SPB37;NA;LSL (C. taraxacifolia)
Crepis vesicaria;29SPB31;NA;LSL (C. taraxacifolia)
Crepis vesicaria;29SPB33;NA;LSL (C. taraxacifolia)
Crepis vesicaria;29SPB32;NA;LSL (C. taraxacifolia)
Crepis vesicaria;29SPB23;NA;LSL (C. taraxacifolia)
Crepis vesicaria;29SPB26;NA;LSL (C. taraxacifolia)
Crepis vesicaria;29SPB25;NA;LSL (C. taraxacifolia)
Crepis vesicaria;29SPB28;NA;LSL (C. taraxacifolia)
Crepis vesicaria;29SPB29;NA;LSL (C. taraxacifolia)
Crepis vesicaria;29SPB21;NA;LSL (C. taraxacifolia)
Crepis vesicaria;29SMD61;NA;LSL (C. taraxacifolia)
Crepis vesicaria;29SMD85;NA;LSL (C. taraxacifolia)
Crepis vesicaria;29SMD81;NA;LSL (C. taraxacifolia)
Crepis vesicaria;29SMD80;NA;LSL (C. taraxacifolia)
Crepis vesicaria;29SMD70;NA;LSL (C. taraxacifolia)
Crepis vesicaria;29SPB95;NA;LSL (C. taraxacifolia)
Crepis vesicaria;29SPB99;NA;LSL (C. taraxacifolia)
Crepis vesicaria;29SND10;NA;LSL (C. taraxacifolia)
Crepis vesicaria;29SND15;NA;LSL (C. taraxacifolia)
Crepis vesicaria;29SND14;NA;LSL (C. taraxacifolia)
Crepis vesicaria;29SND06;NA;LSL (C. taraxacifolia)
Crepis vesicaria;29SND05;NA;LSL (C. taraxacifolia)
Crepis vesicaria;29SND07;NA;LSL (C. taraxacifolia)
Crepis vesicaria;29SPC72;NA;LSL (C. taraxacifolia)
Crepis vesicaria;29SPC71;NA;LSL (C. taraxacifolia)
Crepis vesicaria;29SND03;NA;LSL (C. taraxacifolia)
Crepis vesicaria;29SPC67;NA;LSL (C. taraxacifolia)
Crepis vesicaria;29SPC61;NA;LSL (C. taraxacifolia)
Crepis vesicaria;29SPC62;NA;LSL (C. taraxacifolia)
Crepis vesicaria;29SPC91;NA;LSL (C. taraxacifolia)
Crepis vesicaria;29SPC94;NA;LSL (C. taraxacifolia)
Crepis vesicaria;29SPC98;NA;LSL (C. taraxacifolia)
Crepis vesicaria;29SPC81;NA;LSL (C. taraxacifolia)
Crepis vesicaria;29SPC82;NA;LSL (C. taraxacifolia)
Crepis vesicaria;29SPC35;NA;LSL (C. taraxacifolia)
Crepis vesicaria;29SPC38;NA;LSL (C. taraxacifolia)
Crepis vesicaria;29SPC37;NA;LSL (C. taraxacifolia)
Crepis vesicaria;29SPC30;NA;LSL (C. taraxacifolia)
Crepis vesicaria;29SPC32;NA;LSL (C. taraxacifolia)
Crepis vesicaria;29SPC22;NA;LSL (C. taraxacifolia)
Crepis vesicaria;29SPC25;NA;LSL (C. taraxacifolia)
Crepis vesicaria;29SPC24;NA;LSL (C. taraxacifolia)
Crepis vesicaria;29SPC26;NA;LSL (C. taraxacifolia)
Crepis vesicaria;29SPC28;NA;LSL (C. taraxacifolia)
Crepis vesicaria;29SND74;NA;LSL (C. taraxacifolia)
Crepis vesicaria;29SND77;NA;LSL (C. taraxacifolia)
Crepis vesicaria;29SND79;NA;LSL (C. taraxacifolia)
Crepis vesicaria;29SND78;NA;LSL (C. taraxacifolia)
Crepis vesicaria;29SPC21;NA;LSL (C. taraxacifolia)
Crepis vesicaria;29SPC20;NA;LSL (C. taraxacifolia)
Crepis vesicaria;29SND71;NA;LSL (C. taraxacifolia)
Crepis vesicaria;29SPC50;NA;LSL (C. taraxacifolia)
Crepis vesicaria;29SPC52;NA;LSL (C. taraxacifolia)
Crepis vesicaria;29SPC51;NA;LSL (C. taraxacifolia)
Crepis vesicaria;29SPC54;NA;LSL (C. taraxacifolia)
Crepis vesicaria;29SPC53;NA;LSL (C. taraxacifolia)
Crepis vesicaria;29SND69;NA;LSL (C. taraxacifolia)
Crepis vesicaria;29SND61;NA;LSL (C. taraxacifolia)
Crepis vesicaria;29SPC45;NA;LSL (C. taraxacifolia)
Crepis vesicaria;29SPC44;NA;LSL (C. taraxacifolia)
Crepis vesicaria;29SPC48;NA;LSL (C. taraxacifolia)
Crepis vesicaria;29SND97;NA;LSL (C. taraxacifolia)
Crepis vesicaria;29SND98;NA;LSL (C. taraxacifolia)
Crepis vesicaria;29SPC41;NA;LSL (C. taraxacifolia)
Crepis vesicaria;29SPC40;NA;LSL (C. taraxacifolia)
Crepis vesicaria;29SPC43;NA;LSL (C. taraxacifolia)
Crepis vesicaria;29SPC42;NA;LSL (C. taraxacifolia)
Crepis vesicaria;29SND88;NA;LSL (C. taraxacifolia)
Crepis vesicaria;29SND87;NA;LSL (C. taraxacifolia)
Crepis vesicaria;29SND80;NA;LSL (C. taraxacifolia)
Crepis vesicaria;29SND81;NA;LSL (C. taraxacifolia)
Crepis vesicaria;29SND30;NA;LSL (C. taraxacifolia)
Crepis vesicaria;29SND36;NA;LSL (C. taraxacifolia)
Crepis vesicaria;29SND27;NA;LSL (C. taraxacifolia)
Crepis vesicaria;29SND20;NA;LSL (C. taraxacifolia)
Crepis vesicaria;29SND17;NA;LSL (C. taraxacifolia)
Crepis vesicaria;29SND19;NA;LSL (C. taraxacifolia)
Crepis vesicaria;29SND49;NA;LSL (C. taraxacifolia)
Crepis vesicaria;29SND47;NA;LSL (C. taraxacifolia)
Crepis vesicaria;29SND38;NA;LSL (C. taraxacifolia)
Crepis vesicaria;29SPC12;NA;LSL (C. taraxacifolia)
Crepis vesicaria;29SPC13;NA;LSL (C. taraxacifolia)
Crepis vesicaria;29SPC16;NA;LSL (C. taraxacifolia)
Crepis vesicaria;29SPC15;NA;LSL (C. taraxacifolia)
Crepis vesicaria;29SPC17;NA;LSL (C. taraxacifolia)
Crepis vesicaria;29SPC10;NA;LSL (C. taraxacifolia)
Crepis vesicaria;29SPC01;NA;LSL (C. taraxacifolia)
Crepis vesicaria;29SPC00;NA;LSL (C. taraxacifolia)
Crepis vesicaria;29SPC03;NA;LSL (C. taraxacifolia)
Crepis vesicaria;29SPC07;NA;LSL (C. taraxacifolia)
Crepis vesicaria;29SNE32;NA;LSL (C. taraxacifolia)
Crepis vesicaria;29SNE21;NA;LSL (C. taraxacifolia)
Crepis vesicaria;29SQC40;NA;LSL (C. taraxacifolia)
Crepis vesicaria;29SQC41;NA;LSL (C. taraxacifolia)
Crepis vesicaria;29SQC44;NA;LSL (C. taraxacifolia)
Crepis vesicaria;29SQC31;NA;LSL (C. taraxacifolia)
Crepis vesicaria;29SQC30;NA;LSL (C. taraxacifolia)
Crepis vesicaria;29SNE91;NA;LSL (C. taraxacifolia)
Crepis vesicaria;29SQC32;NA;LSL (C. taraxacifolia)
Crepis vesicaria;29SQC60;NA;LSL (C. taraxacifolia)
Crepis vesicaria;29SNE81;NA;LSL (C. taraxacifolia)
Crepis vesicaria;29SNE82;NA;LSL (C. taraxacifolia)
Crepis vesicaria;29SQC50;NA;LSL (C. taraxacifolia)
Crepis vesicaria;29SQC52;NA;LSL (C. taraxacifolia)
Crepis vesicaria;29SQC54;NA;LSL (C. taraxacifolia)
Crepis vesicaria;29SQC06;NA;LSL (C. taraxacifolia)
Crepis vesicaria;29SQC00;NA;LSL (C. taraxacifolia)
Crepis vesicaria;29SNE52;NA;LSL (C. taraxacifolia)
Crepis vesicaria;29SNE51;NA;LSL (C. taraxacifolia)
Crepis vesicaria;29SNE50;NA;LSL (C. taraxacifolia)
Crepis vesicaria;29SNE41;NA;LSL (C. taraxacifolia)
Crepis vesicaria;29SNE40;NA;LSL (C. taraxacifolia)
Crepis vesicaria;29SQC26;NA;LSL (C. taraxacifolia)
Crepis vesicaria;29SNE42;NA;LSL (C. taraxacifolia)
Crepis vesicaria;29SQC20;NA;LSL (C. taraxacifolia)
Crepis vesicaria;29SQC21;NA;LSL (C. taraxacifolia)
Crepis vesicaria;29SQC15;NA;LSL (C. taraxacifolia)
Crepis vesicaria;29SQC19;NA;LSL (C. taraxacifolia)
Crepis vesicaria;29SNE70;NA;LSL (C. taraxacifolia)
Crepis vesicaria;29SQC11;NA;LSL (C. taraxacifolia)
Crepis vesicaria;29SNE61;NA;LSL (C. taraxacifolia)
Crepis vesicaria;29SNE60;NA;LSL (C. taraxacifolia)
Crepis vesicaria;29SNB77;NA;LSL (C. taraxacifolia)
Crepis vesicaria;29SNB76;NA;LSL (C. taraxacifolia)
Crepis vesicaria;29SNB78;NA;LSL (C. taraxacifolia)
Crepis vesicaria;29SNB71;NA;LSL (C. taraxacifolia)
Crepis vesicaria;29SNB70;NA;LSL (C. taraxacifolia)
Crepis vesicaria;29SNB73;NA;LSL (C. taraxacifolia)
Crepis vesicaria;29SNB72;NA;LSL (C. taraxacifolia)
Crepis vesicaria;29SNB69;NA;LSL (C. taraxacifolia)
Crepis vesicaria;29SNB91;NA;LSL (C. taraxacifolia)
Crepis vesicaria;29SNB90;NA;LSL (C. taraxacifolia)
Crepis vesicaria;29SNB92;NA;LSL (C. taraxacifolia)
Crepis vesicaria;29SNB95;NA;LSL (C. taraxacifolia)
Crepis vesicaria;29SNB94;NA;LSL (C. taraxacifolia)
Crepis vesicaria;29SNB97;NA;LSL (C. taraxacifolia)
Crepis vesicaria;29SNB96;NA;LSL (C. taraxacifolia)
Crepis vesicaria;29SNB88;NA;LSL (C. taraxacifolia)
Crepis vesicaria;29SNB87;NA;LSL (C. taraxacifolia)
Crepis vesicaria;29SNB82;NA;LSL (C. taraxacifolia)
Crepis vesicaria;29SNB81;NA;LSL (C. taraxacifolia)
Crepis vesicaria;29SNB86;NA;LSL (C. taraxacifolia)
Crepis vesicaria;29SNB33;NA;LSL (C. taraxacifolia)
Crepis vesicaria;29SNB32;NA;LSL (C. taraxacifolia)
Crepis vesicaria;29SNB31;NA;LSL (C. taraxacifolia)
Crepis vesicaria;29SNB30;NA;LSL (C. taraxacifolia)
Crepis vesicaria;29SNB29;NA;LSL (C. taraxacifolia)
Crepis vesicaria;29SNB21;NA;LSL (C. taraxacifolia)
Crepis vesicaria;29SNB23;NA;LSL (C. taraxacifolia)
Crepis vesicaria;29SNB26;NA;LSL (C. taraxacifolia)
Crepis vesicaria;29SNB50;NA;LSL (C. taraxacifolia)
Crepis vesicaria;29SNB52;NA;LSL (C. taraxacifolia)
Crepis vesicaria;29SNB40;NA;LSL (C. taraxacifolia)
Crepis vesicaria;29SNB42;NA;LSL (C. taraxacifolia)
Crepis vesicaria;29SQD20;NA;LSL (C. taraxacifolia)
Crepis vesicaria;29SNB41;NA;LSL (C. taraxacifolia)
Crepis vesicaria;29SQD12;NA;LSL (C. taraxacifolia)
Crepis vesicaria;29SQD44;NA;LSL (C. taraxacifolia)
Crepis vesicaria;29SNB11;NA;LSL (C. taraxacifolia)
Crepis vesicaria;29SNB14;NA;LSL (C. taraxacifolia)
Crepis vesicaria;29SQD30;NA;LSL (C. taraxacifolia)
Crepis vesicaria;29SQD31;NA;LSL (C. taraxacifolia)
Crepis vesicaria;29SNB01;NA;LSL (C. taraxacifolia)
Crepis vesicaria;29SNC97;NA;LSL (C. taraxacifolia)
Crepis vesicaria;29SNC90;NA;LSL (C. taraxacifolia)
Crepis vesicaria;29SNC92;NA;LSL (C. taraxacifolia)
Crepis vesicaria;29SNC91;NA;LSL (C. taraxacifolia)
Crepis vesicaria;29SNC93;NA;LSL (C. taraxacifolia)
Crepis vesicaria;29SNC95;NA;LSL (C. taraxacifolia)
Crepis vesicaria;29SNC87;NA;LSL (C. taraxacifolia)
Crepis vesicaria;29SNC86;NA;LSL (C. taraxacifolia)
Crepis vesicaria;29SNC89;NA;LSL (C. taraxacifolia)
Crepis vesicaria;29SNC81;NA;LSL (C. taraxacifolia)
Crepis vesicaria;29SNC83;NA;LSL (C. taraxacifolia)
Crepis vesicaria;29SNC82;NA;LSL (C. taraxacifolia)
Crepis vesicaria;29SNC84;NA;LSL (C. taraxacifolia)
Crepis vesicaria;29SQD01;NA;LSL (C. taraxacifolia)
Crepis vesicaria;29SNC54;NA;LSL (C. taraxacifolia)
Crepis vesicaria;29SNC53;NA;LSL (C. taraxacifolia)
Crepis vesicaria;29SNC55;NA;LSL (C. taraxacifolia)
Crepis vesicaria;29SNC57;NA;LSL (C. taraxacifolia)
Crepis vesicaria;29SNC52;NA;LSL (C. taraxacifolia)
Crepis vesicaria;29TPE63;NA;LSL (C. taraxacifolia)
Crepis vesicaria;29TPE67;NA;LSL (C. taraxacifolia)
Crepis vesicaria;29TPE96;NA;LSL (C. taraxacifolia)
Crepis vesicaria;29TPE35;NA;LSL (C. taraxacifolia)
Crepis vesicaria;29TPE34;NA;LSL (C. taraxacifolia)
Crepis vesicaria;29TPE55;NA;LSL (C. taraxacifolia)
Crepis vesicaria;29TPE56;NA;LSL (C. taraxacifolia)
Crepis vesicaria;29TPE58;NA;LSL (C. taraxacifolia)
Crepis vesicaria;29TPE49;NA;LSL (C. taraxacifolia)
Crepis vesicaria;29TPE46;NA;LSL (C. taraxacifolia)
Crepis vesicaria;29TPE38;NA;LSL (C. taraxacifolia)
Crepis vesicaria;29TQE47;NA;LSL (C. taraxacifolia)
Crepis vesicaria;29TQE46;NA;LSL (C. taraxacifolia)
Crepis vesicaria;29TQE49;NA;LSL (C. taraxacifolia)
Crepis vesicaria;29TNE55;NA;LSL (C. taraxacifolia)
Crepis vesicaria;29TNE54;NA;LSL (C. taraxacifolia)
Crepis vesicaria;29TNE44;NA;LSL (C. taraxacifolia)
Crepis vesicaria;29TNE43;NA;LSL (C. taraxacifolia)
Crepis vesicaria;29TNE46;NA;LSL (C. taraxacifolia)
Crepis vesicaria;29TNE45;NA;LSL (C. taraxacifolia)
Crepis vesicaria;29TQF17;NA;LSL (C. taraxacifolia)
Crepis vesicaria;29TQF19;NA;LSL (C. taraxacifolia)
Crepis vesicaria;29TQF18;NA;LSL (C. taraxacifolia)
Crepis vesicaria;29TQF06;NA;LSL (C. taraxacifolia)
Crepis vesicaria;29TQF09;NA;LSL (C. taraxacifolia)
Crepis vesicaria;29TNE69;NA;LSL (C. taraxacifolia)
Crepis vesicaria;29TNE63;NA;LSL (C. taraxacifolia)
Crepis vesicaria;29TNE67;NA;LSL (C. taraxacifolia)
Crepis vesicaria;29TNE13;NA;LSL (C. taraxacifolia)
Crepis vesicaria;29TQF28;NA;LSL (C. taraxacifolia)
Crepis vesicaria;29TQF29;NA;LSL (C. taraxacifolia)
Crepis vesicaria;29TNE05;NA;LSL (C. taraxacifolia)
Crepis vesicaria;29TNE33;NA;LSL (C. taraxacifolia)
Crepis vesicaria;29TNE23;NA;LSL (C. taraxacifolia)
Crepis vesicaria;29TNE15;NA;LSL (C. taraxacifolia)
Crepis vesicaria;29TNE93;NA;LSL (C. taraxacifolia)
Crepis vesicaria;29TNE87;NA;LSL (C. taraxacifolia)
Crepis vesicaria;29TPF10;NA;LSL (C. taraxacifolia)
Crepis vesicaria;29TPF05;NA;LSL (C. taraxacifolia)
Crepis vesicaria;29TPF04;NA;LSL (C. taraxacifolia)
Crepis vesicaria;29TPF03;NA;LSL (C. taraxacifolia)
Crepis vesicaria;29TPF31;NA;LSL (C. taraxacifolia)
Crepis vesicaria;29TPF34;NA;LSL (C. taraxacifolia)
Crepis vesicaria;29TPF35;NA;LSL (C. taraxacifolia)
Crepis vesicaria;29TPF26;NA;LSL (C. taraxacifolia)
Crepis vesicaria;29TPF24;NA;LSL (C. taraxacifolia)
Crepis vesicaria;29TPF16;NA;LSL (C. taraxacifolia)
Crepis vesicaria;29TPF15;NA;LSL (C. taraxacifolia)
Crepis vesicaria;29TPF95;NA;LSL (C. taraxacifolia)
Crepis vesicaria;29TPF99;NA;LSL (C. taraxacifolia)
Crepis vesicaria;29TPF94;NA;LSL (C. taraxacifolia)
Crepis vesicaria;29TPF93;NA;LSL (C. taraxacifolia)
Crepis vesicaria;29TPF84;NA;LSL (C. taraxacifolia)
Crepis vesicaria;29TPF87;NA;LSL (C. taraxacifolia)
Crepis vesicaria;29TPF88;NA;LSL (C. taraxacifolia)
Crepis vesicaria;29TPF51;NA;LSL (C. taraxacifolia)
Crepis vesicaria;29TPF54;NA;LSL (C. taraxacifolia)
Crepis vesicaria;29TPF58;NA;LSL (C. taraxacifolia)
Crepis vesicaria;29TPF57;NA;LSL (C. taraxacifolia)
Crepis vesicaria;29TPF49;NA;LSL (C. taraxacifolia)
Crepis vesicaria;29TPF48;NA;LSL (C. taraxacifolia)
Crepis vesicaria;29TPF43;NA;LSL (C. taraxacifolia)
Crepis vesicaria;29TPF45;NA;LSL (C. taraxacifolia)
Crepis vesicaria;29TPF44;NA;LSL (C. taraxacifolia)
Crepis vesicaria;29TPF38;NA;LSL (C. taraxacifolia)
Crepis vesicaria;29TPF39;NA;LSL (C. taraxacifolia)
Crepis vesicaria;29TPF74;NA;LSL (C. taraxacifolia)
Crepis vesicaria;29TPF73;NA;LSL (C. taraxacifolia)
Crepis vesicaria;29TPF75;NA;LSL (C. taraxacifolia)
Crepis vesicaria;29TPF78;NA;LSL (C. taraxacifolia)
Crepis vesicaria;29TPF77;NA;LSL (C. taraxacifolia)
Crepis vesicaria;29TPF79;NA;LSL (C. taraxacifolia)
Crepis vesicaria;29TPF70;NA;LSL (C. taraxacifolia)
Crepis vesicaria;29TPF72;NA;LSL (C. taraxacifolia)
Crepis vesicaria;29TPF71;NA;LSL (C. taraxacifolia)
Crepis vesicaria;29TPF62;NA;LSL (C. taraxacifolia)
Crepis vesicaria;29TPF65;NA;LSL (C. taraxacifolia)
Crepis vesicaria;29TPF64;NA;LSL (C. taraxacifolia)
Crepis vesicaria;29TPF67;NA;LSL (C. taraxacifolia)
Crepis vesicaria;29TPF66;NA;LSL (C. taraxacifolia)
Crepis vesicaria;29TPF61;NA;LSL (C. taraxacifolia)
Crepis vesicaria;29TPG50;NA;LSL (C. taraxacifolia)
Crepis vesicaria;29TPG40;NA;LSL (C. taraxacifolia)
Crepis vesicaria;29TPG74;NA;LSL (C. taraxacifolia)
Crepis vesicaria;29TPG71;NA;LSL (C. taraxacifolia)
Crepis vesicaria;29TPG70;NA;LSL (C. taraxacifolia)
Crepis vesicaria;29TPG60;NA;LSL (C. taraxacifolia)
Crepis vesicaria;29TPG94;NA;LSL (C. taraxacifolia)
Crepis vesicaria;29TPG90;NA;LSL (C. taraxacifolia)
Crepis vesicaria;29TPG92;NA;LSL (C. taraxacifolia)
Crepis vesicaria;29TPG80;NA;LSL (C. taraxacifolia)
Crepis vesicaria;29TPG82;NA;LSL (C. taraxacifolia)
Crepis vesicaria;29TPG81;NA;LSL (C. taraxacifolia)
Crepis vesicaria;29TQG01;NA;LSL (C. taraxacifolia)
Crepis vesicaria;29TQG00;NA;LSL (C. taraxacifolia)
Crepis vesicaria;29TQG02;NA;LSL (C. taraxacifolia)
Crepis vesicaria;29TQG20;NA;LSL (C. taraxacifolia)
Crepis vesicaria;29TQG10;NA;LSL (C. taraxacifolia)
Crepis vesicaria;29TQG11;NA;LSL (C. taraxacifolia)
Crepis vesicaria;29TQG43;NA;LSL (C. taraxacifolia)
Crepis vesicaria;29TQG30;NA;LSL (C. taraxacifolia)
Crepis vesicaria;29TNF71;NA;LSL (C. taraxacifolia)
Crepis vesicaria;29TNF70;NA;LSL (C. taraxacifolia)
Crepis vesicaria;29TNF94;NA;LSL (C. taraxacifolia)
Crepis vesicaria;29TNF41;NA;LSL (C. taraxacifolia)
Crepis vesicaria;29TPE07;NA;LSL (C. taraxacifolia)
Crepis vesicaria;29TQH25;NA;LSL (C. taraxacifolia)
Crepis vesicaria;29TPE77;NA;LSL (C. taraxacifolia)
Crepis vesicaria;29TPE78;NA;LSL (C. taraxacifolia)
Crepis vesicaria;29TPE73;NA;LSL (C. taraxacifolia)
Crepis vesicaria;30SXJ54;NA;LSL (C. taraxacifolia)
Crepis vesicaria;30STF84;NA;LSL (C. taraxacifolia)
Crepis vesicaria;30STF85;NA;LSL (C. taraxacifolia)
Crepis vesicaria;30STF70;NA;LSL (C. taraxacifolia)
Crepis vesicaria;30STF66;NA;LSL (C. taraxacifolia)
Crepis vesicaria;30STF94;NA;LSL (C. taraxacifolia)
Crepis vesicaria;30STF89;NA;LSL (C. taraxacifolia)
Crepis vesicaria;30SWH00;NA;LSL (C. taraxacifolia)
Crepis vesicaria;30SWH67;NA;LSL (C. taraxacifolia)
Crepis vesicaria;30STG59;NA;LSL (C. taraxacifolia)
Crepis vesicaria;30STG49;NA;LSL (C. taraxacifolia)
Crepis vesicaria;30STG80;NA;LSL (C. taraxacifolia)
Crepis vesicaria;30SXK91;NA;LSL (C. taraxacifolia)
Crepis vesicaria;30STG69;NA;LSL (C. taraxacifolia)
Crepis vesicaria;30SWH21;NA;LSL (C. taraxacifolia)
Crepis vesicaria;30SWH11;NA;LSL (C. taraxacifolia)
Crepis vesicaria;30SXK62;NA;LSL (C. taraxacifolia)
Crepis vesicaria;30SWH45;NA;LSL (C. taraxacifolia)
Crepis vesicaria;30STG39;NA;LSL (C. taraxacifolia)
Crepis vesicaria;30SWH35;NA;LSL (C. taraxacifolia)
Crepis vesicaria;30SUJ71;NA;LSL (C. taraxacifolia)
Crepis vesicaria;30STG98;NA;LSL (C. taraxacifolia)
Crepis vesicaria;30STG99;NA;LSL (C. taraxacifolia)
Crepis vesicaria;30STG89;NA;LSL (C. taraxacifolia)
Crepis vesicaria;30SXH73;NA;LSL (C. taraxacifolia)
Crepis vesicaria;30SXH72;NA;LSL (C. taraxacifolia)
Crepis vesicaria;30SXH94;NA;LSL (C. taraxacifolia)
Crepis vesicaria;30SXH96;NA;LSL (C. taraxacifolia)
Crepis vesicaria;30SXH99;NA;LSL (C. taraxacifolia)
Crepis vesicaria;30SXH42;NA;LSL (C. taraxacifolia)
Crepis vesicaria;30SXH31;NA;LSL (C. taraxacifolia)
Crepis vesicaria;30SXH63;NA;LSL (C. taraxacifolia)
Crepis vesicaria;30SUG29;NA;LSL (C. taraxacifolia)
Crepis vesicaria;30SUG21;NA;LSL (C. taraxacifolia)
Crepis vesicaria;30SUG40;NA;LSL (C. taraxacifolia)
Crepis vesicaria;30SUG41;NA;LSL (C. taraxacifolia)
Crepis vesicaria;30SXH11;NA;LSL (C. taraxacifolia)
Crepis vesicaria;30SYK42;NA;LSL (C. taraxacifolia)
Crepis vesicaria;30SUG07;NA;LSL (C. taraxacifolia)
Crepis vesicaria;30SUG09;NA;LSL (C. taraxacifolia)
Crepis vesicaria;30SUG83;NA;LSL (C. taraxacifolia)
Crepis vesicaria;30SWF29;NA;LSL (C. taraxacifolia)
Crepis vesicaria;30SWF38;NA;LSL (C. taraxacifolia)
Crepis vesicaria;30SWF37;NA;LSL (C. taraxacifolia)
Crepis vesicaria;30SUH37;NA;LSL (C. taraxacifolia)
Crepis vesicaria;30SUH72;NA;LSL (C. taraxacifolia)
Crepis vesicaria;30SUH73;NA;LSL (C. taraxacifolia)
Crepis vesicaria;30SUH08;NA;LSL (C. taraxacifolia)
Crepis vesicaria;30SUH04;NA;LSL (C. taraxacifolia)
Crepis vesicaria;30SUH23;NA;LSL (C. taraxacifolia)
Crepis vesicaria;30SUH22;NA;LSL (C. taraxacifolia)
Crepis vesicaria;30SUH12;NA;LSL (C. taraxacifolia)
Crepis vesicaria;30SUH14;NA;LSL (C. taraxacifolia)
Crepis vesicaria;30SUH91;NA;LSL (C. taraxacifolia)
Crepis vesicaria;30SUH93;NA;LSL (C. taraxacifolia)
Crepis vesicaria;30SUH82;NA;LSL (C. taraxacifolia)
Crepis vesicaria;30STJ76;NA;LSL (C. taraxacifolia)
Crepis vesicaria;30SVH01;NA;LSL (C. taraxacifolia)
Crepis vesicaria;30SVH03;NA;LSL (C. taraxacifolia)
Crepis vesicaria;30SVH33;NA;LSL (C. taraxacifolia)
Crepis vesicaria;30SVH91;NA;LSL (C. taraxacifolia)
Crepis vesicaria;30SXG69;NA;LSL (C. taraxacifolia)
Crepis vesicaria;30SVH64;NA;LSL (C. taraxacifolia)
Crepis vesicaria;30SVH56;NA;LSL (C. taraxacifolia)
Crepis vesicaria;30SVH51;NA;LSL (C. taraxacifolia)
Crepis vesicaria;30SVH52;NA;LSL (C. taraxacifolia)
Crepis vesicaria;30SVH44;NA;LSL (C. taraxacifolia)
Crepis vesicaria;30SVH43;NA;LSL (C. taraxacifolia)
Crepis vesicaria;30SXG17;NA;LSL (C. taraxacifolia)
Crepis vesicaria;30SXG39;NA;LSL (C. taraxacifolia)
Crepis vesicaria;30SXG29;NA;LSL (C. taraxacifolia)
Crepis vesicaria;30SUF05;NA;LSL (C. taraxacifolia)
Crepis vesicaria;30SUF07;NA;LSL (C. taraxacifolia)
Crepis vesicaria;30SYJ00;NA;LSL (C. taraxacifolia)
Crepis vesicaria;30SUF14;NA;LSL (C. taraxacifolia)
Crepis vesicaria;30SYJ30;NA;LSL (C. taraxacifolia)
Crepis vesicaria;30SUF89;NA;LSL (C. taraxacifolia)
Crepis vesicaria;30SUF88;NA;LSL (C. taraxacifolia)
Crepis vesicaria;30SUF86;NA;LSL (C. taraxacifolia)
Crepis vesicaria;30SUF77;NA;LSL (C. taraxacifolia)
Crepis vesicaria;30SUF68;NA;LSL (C. taraxacifolia)
Crepis vesicaria;30STH80;NA;LSL (C. taraxacifolia)
Crepis vesicaria;30STH84;NA;LSL (C. taraxacifolia)
Crepis vesicaria;30STH71;NA;LSL (C. taraxacifolia)
Crepis vesicaria;30STH70;NA;LSL (C. taraxacifolia)
Crepis vesicaria;30STH68;NA;LSL (C. taraxacifolia)
Crepis vesicaria;30STH93;NA;LSL (C. taraxacifolia)
Crepis vesicaria;30STH40;NA;LSL (C. taraxacifolia)
Crepis vesicaria;30STH30;NA;LSL (C. taraxacifolia)
Crepis vesicaria;30SYG09;NA;LSL (C. taraxacifolia)
Crepis vesicaria;30STH60;NA;LSL (C. taraxacifolia)
Crepis vesicaria;30STH61;NA;LSL (C. taraxacifolia)
Crepis vesicaria;30STH51;NA;LSL (C. taraxacifolia)
Crepis vesicaria;30STH50;NA;LSL (C. taraxacifolia)
Crepis vesicaria;30STH42;NA;LSL (C. taraxacifolia)
Crepis vesicaria;30SVF58;NA;LSL (C. taraxacifolia)
Crepis vesicaria;30SYH47;NA;LSL (C. taraxacifolia)
Crepis vesicaria;30SYH48;NA;LSL (C. taraxacifolia)
Crepis vesicaria;30SVF48;NA;LSL (C. taraxacifolia)
Crepis vesicaria;30SVF88;NA;LSL (C. taraxacifolia)
Crepis vesicaria;30SYH36;NA;LSL (C. taraxacifolia)
Crepis vesicaria;30SYH57;NA;LSL (C. taraxacifolia)
Crepis vesicaria;30SVF17;NA;LSL (C. taraxacifolia)
Crepis vesicaria;30SVF27;NA;LSL (C. taraxacifolia)
Crepis vesicaria;30STJ50;NA;LSL (C. taraxacifolia)
Crepis vesicaria;30STJ40;NA;LSL (C. taraxacifolia)
Crepis vesicaria;30SYH04;NA;LSL (C. taraxacifolia)
Crepis vesicaria;30SYH07;NA;LSL (C. taraxacifolia)
Crepis vesicaria;30SYH09;NA;LSL (C. taraxacifolia)
Crepis vesicaria;30SYH08;NA;LSL (C. taraxacifolia)
Crepis vesicaria;30SWJ91;NA;LSL (C. taraxacifolia)
Crepis vesicaria;30SYH25;NA;LSL (C. taraxacifolia)
Crepis vesicaria;30SYH27;NA;LSL (C. taraxacifolia)
Crepis vesicaria;30SYH18;NA;LSL (C. taraxacifolia)
Crepis vesicaria;30SYH17;NA;LSL (C. taraxacifolia)
Crepis vesicaria;30SWG96;NA;LSL (C. taraxacifolia)
Crepis vesicaria;30SVG67;NA;LSL (C. taraxacifolia)
Crepis vesicaria;30SVG68;NA;LSL (C. taraxacifolia)
Crepis vesicaria;30SVG99;NA;LSL (C. taraxacifolia)
Crepis vesicaria;30SVG97;NA;LSL (C. taraxacifolia)
Crepis vesicaria;30SVG37;NA;LSL (C. taraxacifolia)
Crepis vesicaria;30SVG58;NA;LSL (C. taraxacifolia)
Crepis vesicaria;30SVG57;NA;LSL (C. taraxacifolia)
Crepis vesicaria;30SVG47;NA;LSL (C. taraxacifolia)
Crepis vesicaria;30SWG54;NA;LSL (C. taraxacifolia)
Crepis vesicaria;30SWG48;NA;LSL (C. taraxacifolia)
Crepis vesicaria;30SWG47;NA;LSL (C. taraxacifolia)
Crepis vesicaria;30SWG42;NA;LSL (C. taraxacifolia)
Crepis vesicaria;30STF40;NA;LSL (C. taraxacifolia)
Crepis vesicaria;30SWG35;NA;LSL (C. taraxacifolia)
Crepis vesicaria;30SWG38;NA;LSL (C. taraxacifolia)
Crepis vesicaria;30SXJ84;NA;LSL (C. taraxacifolia)
Crepis vesicaria;30SXJ78;NA;LSL (C. taraxacifolia)
Crepis vesicaria;30STF60;NA;LSL (C. taraxacifolia)
Crepis vesicaria;30SWG61;NA;LSL (C. taraxacifolia)
Crepis vesicaria;30STF64;NA;LSL (C. taraxacifolia)
Crepis vesicaria;30SWG65;NA;LSL (C. taraxacifolia)
Crepis vesicaria;30SWG09;NA;LSL (C. taraxacifolia)
Crepis vesicaria;30SWG07;NA;LSL (C. taraxacifolia)
Crepis vesicaria;30SXJ92;NA;LSL (C. taraxacifolia)
Crepis vesicaria;30SXJ94;NA;LSL (C. taraxacifolia)
Crepis vesicaria;30SWG28;NA;LSL (C. taraxacifolia)
Crepis vesicaria;30SXJ37;NA;LSL (C. taraxacifolia)
Crepis vesicaria;30SWG12;NA;LSL (C. taraxacifolia)
Crepis vesicaria;30SWG16;NA;LSL (C. taraxacifolia)
Crepis vesicaria;30SXJ27;NA;LSL (C. taraxacifolia)
Crepis vesicaria;30SXJ64;NA;LSL (C. taraxacifolia)
Crepis vesicaria;30TTL73;NA;LSL (C. taraxacifolia)
Crepis vesicaria;30TXM15;NA;LSL (C. taraxacifolia)
Crepis vesicaria;30TXM17;NA;LSL (C. taraxacifolia)
Crepis vesicaria;30TXM09;NA;LSL (C. taraxacifolia)
Crepis vesicaria;30TXM01;NA;LSL (C. taraxacifolia)
Crepis vesicaria;30TXM25;NA;LSL (C. taraxacifolia)
Crepis vesicaria;30TXL33;NA;LSL (C. taraxacifolia)
Crepis vesicaria;30TUL73;NA;LSL (C. taraxacifolia)
Crepis vesicaria;30TXL23;NA;LSL (C. taraxacifolia)
Crepis vesicaria;30TUL40;NA;LSL (C. taraxacifolia)
Crepis vesicaria;30TUL41;NA;LSL (C. taraxacifolia)
Crepis vesicaria;30TUL31;NA;LSL (C. taraxacifolia)
Crepis vesicaria;30TUL30;NA;LSL (C. taraxacifolia)
Crepis vesicaria;30TXN35;NA;LSL (C. taraxacifolia)
Crepis vesicaria;30TXN31;NA;LSL (C. taraxacifolia)
Crepis vesicaria;30TXN33;NA;LSL (C. taraxacifolia)
Crepis vesicaria;30TXN23;NA;LSL (C. taraxacifolia)
Crepis vesicaria;30TXN43;NA;LSL (C. taraxacifolia)
Crepis vesicaria;30TUM45;NA;LSL (C. taraxacifolia)
Crepis vesicaria;30TXN12;NA;LSL (C. taraxacifolia)
Crepis vesicaria;30TXN11;NA;LSL (C. taraxacifolia)
Crepis vesicaria;30TXN05;NA;LSL (C. taraxacifolia)
Crepis vesicaria;30TXN04;NA;LSL (C. taraxacifolia)
Crepis vesicaria;30TXN00;NA;LSL (C. taraxacifolia)
Crepis vesicaria;30TUM61;NA;LSL (C. taraxacifolia)
Crepis vesicaria;30TUM60;NA;LSL (C. taraxacifolia)
Crepis vesicaria;30TUM63;NA;LSL (C. taraxacifolia)
Crepis vesicaria;30TUM52;NA;LSL (C. taraxacifolia)
Crepis vesicaria;30TUM51;NA;LSL (C. taraxacifolia)
Crepis vesicaria;30TUM90;NA;LSL (C. taraxacifolia)
Crepis vesicaria;30TUM85;NA;LSL (C. taraxacifolia)
Crepis vesicaria;30TUM84;NA;LSL (C. taraxacifolia)
Crepis vesicaria;30TVM65;NA;LSL (C. taraxacifolia)
Crepis vesicaria;30TVM92;NA;LSL (C. taraxacifolia)
Crepis vesicaria;30TVM95;NA;LSL (C. taraxacifolia)
Crepis vesicaria;30TVM96;NA;LSL (C. taraxacifolia)
Crepis vesicaria;30TVM91;NA;LSL (C. taraxacifolia)
Crepis vesicaria;30TXL14;NA;LSL (C. taraxacifolia)
Crepis vesicaria;30TVN12;NA;LSL (C. taraxacifolia)
Crepis vesicaria;30TUK06;NA;LSL (C. taraxacifolia)
Crepis vesicaria;30TVN13;NA;LSL (C. taraxacifolia)
Crepis vesicaria;30TVN01;NA;LSL (C. taraxacifolia)
Crepis vesicaria;30TVN03;NA;LSL (C. taraxacifolia)
Crepis vesicaria;30TVN02;NA;LSL (C. taraxacifolia)
Crepis vesicaria;30TVN34;NA;LSL (C. taraxacifolia)
Crepis vesicaria;30TVN33;NA;LSL (C. taraxacifolia)
Crepis vesicaria;30TVN35;NA;LSL (C. taraxacifolia)
Crepis vesicaria;30TVN32;NA;LSL (C. taraxacifolia)
Crepis vesicaria;30TVN23;NA;LSL (C. taraxacifolia)
Crepis vesicaria;30TVN22;NA;LSL (C. taraxacifolia)
Crepis vesicaria;30TVN21;NA;LSL (C. taraxacifolia)
Crepis vesicaria;30TUK67;NA;LSL (C. taraxacifolia)
Crepis vesicaria;30TUK66;NA;LSL (C. taraxacifolia)
Crepis vesicaria;30TUK55;NA;LSL (C. taraxacifolia)
Crepis vesicaria;30TUK76;NA;LSL (C. taraxacifolia)
Crepis vesicaria;30TVN83;NA;LSL (C. taraxacifolia)
Crepis vesicaria;30TVN84;NA;LSL (C. taraxacifolia)
Crepis vesicaria;30TUK25;NA;LSL (C. taraxacifolia)
Crepis vesicaria;30TUK29;NA;LSL (C. taraxacifolia)
Crepis vesicaria;30TUK15;NA;LSL (C. taraxacifolia)
Crepis vesicaria;30TUK18;NA;LSL (C. taraxacifolia)
Crepis vesicaria;30TUK49;NA;LSL (C. taraxacifolia)
Crepis vesicaria;30TVN56;NA;LSL (C. taraxacifolia)
Crepis vesicaria;30TUK45;NA;LSL (C. taraxacifolia)
Crepis vesicaria;30TUK44;NA;LSL (C. taraxacifolia)
Crepis vesicaria;30TVN44;NA;LSL (C. taraxacifolia)
Crepis vesicaria;30TVN46;NA;LSL (C. taraxacifolia)
Crepis vesicaria;30TVN43;NA;LSL (C. taraxacifolia)
Crepis vesicaria;30TVN72;NA;LSL (C. taraxacifolia)
Crepis vesicaria;30TVN73;NA;LSL (C. taraxacifolia)
Crepis vesicaria;30TXK93;NA;LSL (C. taraxacifolia)
Crepis vesicaria;30TWN60;NA;LSL (C. taraxacifolia)
Crepis vesicaria;30TWN61;NA;LSL (C. taraxacifolia)
Crepis vesicaria;30TWN50;NA;LSL (C. taraxacifolia)
Crepis vesicaria;30TWN91;NA;LSL (C. taraxacifolia)
Crepis vesicaria;30TWN85;NA;LSL (C. taraxacifolia)
Crepis vesicaria;30TWN71;NA;LSL (C. taraxacifolia)
Crepis vesicaria;30TWN70;NA;LSL (C. taraxacifolia)
Crepis vesicaria;30TWN73;NA;LSL (C. taraxacifolia)
Crepis vesicaria;30TWN75;NA;LSL (C. taraxacifolia)
Crepis vesicaria;30TTM53;NA;LSL (C. taraxacifolia)
Crepis vesicaria;30TWM91;NA;LSL (C. taraxacifolia)
Crepis vesicaria;30TWM84;NA;LSL (C. taraxacifolia)
Crepis vesicaria;30TWM87;NA;LSL (C. taraxacifolia)
Crepis vesicaria;30TWM89;NA;LSL (C. taraxacifolia)
Crepis vesicaria;30TWM79;NA;LSL (C. taraxacifolia)
Crepis vesicaria;30TYK25;NA;LSL (C. taraxacifolia)
Crepis vesicaria;30TWM99;NA;LSL (C. taraxacifolia)
Crepis vesicaria;30TVK27;NA;LSL (C. taraxacifolia)
Crepis vesicaria;30TVK29;NA;LSL (C. taraxacifolia)
Crepis vesicaria;30TYK39;NA;LSL (C. taraxacifolia)
Crepis vesicaria;30TYK03;NA;LSL (C. taraxacifolia)
Crepis vesicaria;30TWN92;NA;LSL (C. taraxacifolia)
Crepis vesicaria;30TVL59;NA;LSL (C. taraxacifolia)
Crepis vesicaria;30TVL49;NA;LSL (C. taraxacifolia)
Crepis vesicaria;30TVL17;NA;LSL (C. taraxacifolia)
Crepis vesicaria;30TVL07;NA;LSL (C. taraxacifolia)
Crepis vesicaria;30TVL37;NA;LSL (C. taraxacifolia)
Crepis vesicaria;30TVL27;NA;LSL (C. taraxacifolia)
Crepis vesicaria;30TUN33;NA;LSL (C. taraxacifolia)
Crepis vesicaria;30TUN55;NA;LSL (C. taraxacifolia)
Crepis vesicaria;30TTK96;NA;LSL (C. taraxacifolia)
Crepis vesicaria;30TUN15;NA;LSL (C. taraxacifolia)
Crepis vesicaria;30TTK57;NA;LSL (C. taraxacifolia)
Crepis vesicaria;30TTK56;NA;LSL (C. taraxacifolia)
Crepis vesicaria;30TTK59;NA;LSL (C. taraxacifolia)
Crepis vesicaria;30TTK47;NA;LSL (C. taraxacifolia)
Crepis vesicaria;30TTK49;NA;LSL (C. taraxacifolia)
Crepis vesicaria;30TUN86;NA;LSL (C. taraxacifolia)
Crepis vesicaria;30TTK64;NA;LSL (C. taraxacifolia)
Crepis vesicaria;30TTK66;NA;LSL (C. taraxacifolia)
Crepis vesicaria;30TUN93;NA;LSL (C. taraxacifolia)
Crepis vesicaria;30TUN92;NA;LSL (C. taraxacifolia)
Crepis vesicaria;30TWM47;NA;LSL (C. taraxacifolia)
Crepis vesicaria;30TWM48;NA;LSL (C. taraxacifolia)
Crepis vesicaria;30TWM44;NA;LSL (C. taraxacifolia)
Crepis vesicaria;30TWM35;NA;LSL (C. taraxacifolia)
Crepis vesicaria;30TWM38;NA;LSL (C. taraxacifolia)
Crepis vesicaria;30TWM34;NA;LSL (C. taraxacifolia)
Crepis vesicaria;30TTL59;NA;LSL (C. taraxacifolia)
Crepis vesicaria;31SBD50;NA;LSL (C. taraxacifolia)
Crepis vesicaria;31TBF50;NA;LSL (C. taraxacifolia)
Crepis vesicaria;31TDG30;NA;LSL (C. taraxacifolia)
Cynara humilis;31TBF64;NA;LSL
Cytisus striatus;30SWH31;NA;LSL
Dactylorhiza incarnata;30TWL50;NA;LSL
Dactylorhiza majalis;30TWM37;NA;LSL
Dactylorhiza majalis;30TWM56;NA;LSL
Dactylorhiza majalis;30TWM35;NA;LSL
Dianthus broteri;30STJ97;NA;LSL
Dipsacus sativus;29SNE32;NA;LSL
Dipsacus sativus;29SPD74;NA;LSL
Dipsacus sativus;29SQD20;NA;LSL
Dipsacus sativus;30STJ98;NA;LSL
Dipsacus sativus;30TUK08;NA;LSL
Dipsacus sativus;30TUK29;NA;LSL
Dipsacus sativus;30TUN75;NA;LSL
Echinospartum horridum;30STJ76;NA;LSL
Echium gaditanum;30SYJ36;NA;LSL
Erigeron alpinus;30SYH38;NA;LSL
Erigeron alpinus;30SYH48;NA;LSL
Erigeron alpinus;31TBF50;NA;LSL
Erigeron alpinus;30TVN40;NA;LSL
Erigeron alpinus;30TVN44;NA;LSL
Erodium salzmannii;30TTK66;NA;LSL
Erodium salzmannii;30TTK43;NA;LSL
Erodium salzmannii;29SQD44;NA;LSL
Erodium salzmannii;29SPC39;NA;LSL
Erodium salzmannii;29SQC09;NA;LSL
Erodium salzmannii;29SQC18;NA;LSL
Erodium salzmannii;29SPC97;NA;LSL
Erodium salzmannii;29SQC37;NA;LSL
Erodium salzmannii;29SQC26;NA;LSL
Erodium salzmannii;29SQC35;NA;LSL
Erodium salzmannii;29SQC45;NA;LSL
Erodium salzmannii;29SQC51;NA;LSL
Erodium salzmannii;29SQC40;NA;LSL
Erodium salzmannii;30SUF47;NA;LSL
Erodium salzmannii;30STF66;NA;LSL
Euphorbia akenocarpa;29SPD93;NA;LSL
Euphorbia akenocarpa;29SPB29;NA;LSL
Antirrhinum latifolium;31TDH90;NA;MGB
Antirrhinum latifolium;31TDG77;NA;MGB
Antirrhinum latifolium;31TDG78;NA;MGB
Antirrhinum latifolium;31TDG79;NA;MGB
Antirrhinum latifolium;29TNJ52;NA;MGB
Arctium lappa;31TDF28;NA;MGB
Arctium lappa;31TDF18;NA;MGB
Arctium lappa;31TCF89;NA;MGB
Arctium lappa;31TCF99;NA;MGB
Arctium lappa;31TCG91;NA;MGB
Arctium lappa;31TDG98;NA;MGB
Arctium lappa;30TUN84;NA;MGB
Arctium lappa;30TVN16;NA;MGB
Armeria muelleri;31TDG50;NA;MGB
Armeria muelleri;31TDG40;NA;MGB
Armeria muelleri;31TCH13;NA;MGB
Biscutella cichoriifolia;30TYN33;NA;MGB
Biscutella cichoriifolia;30TYN43;NA;MGB
Biscutella cichoriifolia;29SQC12;NA;MGB
Centaurea hanrii;30TTK66;NA;MGB
Centaurea hanrii;30TTK75;NA;MGB
Galium brockmannii;31TBH63;NA;MGB
Galium brockmannii;31TEG15;NA;MGB
Galium brockmannii;31TEG05;NA;MGB
Globularia cordifolia;30STJ76;NA;MGB
Hylotelephium maximum;30TYK39;NA;MGB
Hylotelephium maximum;30TYK36;NA;MGB
Hylotelephium maximum;31TBH92;NA;MGB
Hylotelephium maximum;31TBH53;NA;MGB
Iberis pinnata;31TDG95;NA;MGB
Iberis pinnata;31TDG79;NA;MGB
Iberis pinnata;31TCH13;NA;MGB
Iberis pinnata;31TBF58;NA;MGB
Iberis sempervirens;30TVN22;NA;MGB
Iberis sempervirens;31TBH53;NA;MGB
Iberis sempervirens;31TBH80;NA;MGB
Iberis sempervirens;31TBG88;NA;MGB
Iberis sempervirens;31TCG09;NA;MGB
Iberis sempervirens;31TBH91;NA;MGB
Iberis sempervirens;31TCH01;NA;MGB
Linaria pelisseriana;30STF81;NA;MGB
Linum tenuifolium;31TBF54;NA;MGB
Linum tenuifolium;31TBF53;NA;MGB
Linum tenuifolium;31TBF63;NA;MGB
Linum tenuifolium;31TBF52;NA;MGB
Linum tenuifolium;30TXM59;NA;MGB
Linum tenuifolium;30STJ76;NA;MGB
Luzula lutea;29TPE17;NA;MGB
Luzula lutea;29TPE84;NA;MGB
Luzula lutea;29TQE17;NA;MGB
Luzula lutea;29TQE38;NA;MGB
Luzula lutea;29TQE47;NA;MGB
Luzula lutea;30TTK55;NA;MGB
Luzula lutea;30TTK66;NA;MGB
Luzula lutea;30TTK76;NA;MGB
Luzula lutea;30TTK74;NA;MGB
Luzula lutea;30STJ97;NA;MGB
Luzula lutea;31TCH03;NA;MGB
Orlaya grandiflora;30TYN34;NA;MGB
Orlaya grandiflora;30TYN43;NA;MGB
Orlaya grandiflora;31TBH53;NA;MGB
Orlaya grandiflora;30TYN01;NA;MGB
Ramonda myconi;31TCF69;NA;MGB
Ramonda myconi;31TDG50;NA;MGB
Ramonda myconi;31TDG40;NA;MGB
Ramonda myconi;31TDG41;NA;MGB
Ramonda myconi;31TCF89;NA;MGB
Ramonda myconi;31TCF99;NA;MGB
Ramonda myconi;31TDF09;NA;MGB
Ramonda myconi;31TDF19;NA;MGB
Ramonda myconi;30TXN84;NA;MGB
Ramonda myconi;30TXN82;NA;MGB
Ramonda myconi;30TXN81;NA;MGB
Ramonda myconi;30TXN80;NA;MGB
Ramonda myconi;30TXM89;NA;MGB
Ramonda myconi;30TXN73;NA;MGB
Ramonda myconi;30TXN63;NA;MGB
Rhododendron ferrugineum;30TWM11;NA;MGB
Rhododendron ferrugineum;31TDG77;NA;MGB
Rhododendron ferrugineum;31TDG57;NA;MGB
Rhododendron ferrugineum;31TCG95;NA;MGB
Rhododendron ferrugineum;31TCG85;NA;MGB
Sempervivum tectorum;30SYJ29;NA;MGB
Sempervivum tectorum;30TYK46;NA;MGB
Sempervivum tectorum;30TYK48;NA;MGB
Sempervivum tectorum;30TYK38;NA;MGB
Sempervivum tectorum;30TYK37;NA;MGB
Sempervivum tectorum;30TYL11;NA;MGB
Sempervivum tectorum;30SWK62;NA;MGB
Sempervivum tectorum;30SVK00;NA;MGB
Sempervivum tectorum;30TVM78;NA;MGB
Sempervivum tectorum;30TVL37;NA;MGB
Sempervivum tectorum;30TVL43;NA;MGB
Sempervivum tectorum;30TVL21;NA;MGB
Sempervivum tectorum;SuddeCataluña(Tarragona);NA;MGB
Thymelaea dioica;31TDG52;NA;MGB
Thymelaea dioica;31TDG53;NA;MGB
Thymelaea dioica;31TCH24;NA;MGB
Thymelaea dioica;31TCG13;NA;MGB
Thymelaea dioica;31TCG14;NA;MGB
Thymelaea dioica;31TCH04;NA;MGB
Thymelaea dioica;31TCH03;NA;MGB
Thymelaea dioica;31TCH02;NA;MGB
Thymelaea dioica;31TBH93;NA;MGB
Thymelaea dioica;31TBH83;NA;MGB
Thymelaea dioica;30TYN43;NA;MGB
Thymelaea dioica;30TYN33;NA;MGB
Thymelaea dioica;30TYN34;NA;MGB
Thymelaea dioica;30TYN41;NA;MGB
Thymelaea dioica;31TBG59;NA;MGB
Thymelaea dioica;31TBG69;NA;MGB
Thymelaea dioica;31TBG78;NA;MGB
Thymelaea dioica;31TBG88;NA;MGB
Thymelaea dioica;31TBG95;NA;MGB
Thymelaea dioica;31TCG07;NA;MGB
Thymelaea dioica;31TCG08;NA;MGB
Thymelaea dioica;31TCG09;NA;MGB
Thymelaea dioica;31TBH93;NA;MGB
Thymelaea dioica;31TBH92;NA;MGB
Thymelaea dioica;31TBH91;NA;MGB
Thymelaea dioica;31TBH90;NA;MGB
Thymelaea dioica;31TBH83;NA;MGB
Thymelaea dioica;31TBH82;NA;MGB
Thymelaea dioica;31TBH73;NA;MGB
Trifolium pallescens;30TXK18;NA;MGB
Trifolium pallescens;30TWM16;NA;MGB
Trifolium pallescens;31TCH00;NA;MGB
Trifolium pallescens;31TCH10;NA;MGB
Trifolium pallescens;31TCH31;NA;MGB
Trifolium pallescens;31TCG99;NA;MGB
Trifolium pallescens;31TDG37;NA;MGB
Trifolium pallescens;31TDG29;NA;MGB
Abies pinsapo;30SVF79;NA;MAP
Abies pinsapo;30SVF08;NA;MAP
Abies pinsapo;30SUF77;NA;MAP
Abies pinsapo;30STJ43;NA;MAP
Abies pinsapo;30SUF69;NA;MAP
Abies pinsapo;29SPB99;NA;MAP
Abies pinsapo;29SPD70;NA;MAP
Abies pinsapo;30TVK09;NA;MAP
Aethionema thomasianum;30SXJ52;NA;MAP
Aethionema thomasianum;30SXJ78;NA;MAP
Aethionema thomasianum;30TXK33;NA;MAP
Aethionema thomasianum;30TWK86;NA;MAP
Aethionema thomasianum;30TWK76;NA;MAP
Aethionema thomasianum;30TWK75;NA;MAP
Aethionema thomasianum;30TWK65;NA;MAP
Alyssum strigossum;30TWL68;NA;MAP
Alyssum strigossum;30SWH40;NA;MAP
Anthyllis rupestris;30TWK79;NA;MAP
Anthyllis terniflora;31TBF91;NA;MAP
Anthyllis terniflora;31TBF90;NA;MAP
Anthyllis vulneraria reuteri;30TXL55;NA;MAP
Arabis nova iberica;30SWG39;NA;MAP
Arabis nova iberica;31TCF37;NA;MAP
Arabis nova iberica;30TXL27;NA;MAP
Arenaria hispanica;29SQD31;NA;MAP
Arenaria hispanica;29SQD21;NA;MAP
Arenaria racemosa;30STF87;NA;MAP
Armeria filicaulis alfacarensis;30SWH00;NA;MAP
Armeria trachyphylla;30TUK59;NA;MAP
Armeria villosa provillosa;30SVG33;NA;MAP
Asparagus prostratus;30TVN51;NA;MAP
Asparagus prostratus;30TXL90;NA;MAP
Asperula hirsuta;31TCF29;NA;MAP
Asperula hirsuta;30TTK76;NA;MAP
Asperula hirsuta;30TTK75;NA;MAP
Asperula hirsuta;29SMC85;NA;MAP
Asperula hirsuta;31TCF29;NA;MAP
Asphodelus ayardii;30TWN09;NA;MAP
Asplenium foreziense;30TTK74;NA;MAP
Asplenium foreziense;30TVM77;NA;MAP
Asplenium foreziense;30SYK22;NA;MAP
Asplenium foreziense;31TBE44;NA;MAP
Asplenium foreziense;30TYK44;NA;MAP
Astragalus nitidiflorus;29SQC06;NA;MAP
Biarum dispar;30TTK67;NA;MAP
Biarum dispar;30TUK04;NA;MAP
Biarum dispar;29SQD00;NA;MAP
Biarum dispar;30SVG40;NA;MAP
Biarum dispar;30SVG64;NA;MAP
Bunium balearicum;30SYH06;NA;MAP
Bunium balearicum;30SXH84;NA;MAP
Bunium balearicum;31TBF68;NA;MAP
Calendula tripterocarpa;30SWJ91;NA;MAP
Caralluma munbyana;30SVF26;NA;MAP
Carduus paui;30STJ76;NA;MAP
Carduus paui;30SYK22;NA;MAP
Centaurium suffruticosum;30SVH55;NA;MAP
Centranthus macrosiphon;30STJ76;NA;MAP
Centranthus macrosiphon;29SNB82;NA;MAP
Centranthus macrosiphon;29SNC11;NA;MAP
Christella dentata;30SYH59;NA;MAP
Cotoneaster granatensis;30TXK33;NA;MAP
Cuscuta monogyna;29TNE45;NA;MAP
Daphne oleoides;31TCH22;NA;MAP
Echium creticum granatense;30TVK47;NA;MAP
Echium creticum granatense;30SWK00;NA;MAP
Echium creticum granatense;30SWK01;NA;MAP
Erodium daucoides;30TYK43;NA;MAP
Erodium daucoides;30TYK33;NA;MAP
Erysimum myriophyllum;30SYH19;NA;MAP
Erysimum myriophyllum;30SWJ11;NA;MAP
Erysimum myriophyllum;30SWJ02;NA;MAP
Erysimum nevadense;30SXJ82;NA;MAP
Erysimum nevadense;31TBE68;NA;MAP
Erysimum nevadense;30TYN22;NA;MAP
Erysimum nevadense;29TPE17;NA;MAP
Erysimum nevadense;29TPE85;NA;MAP
Erysimum nevadense;30TTK55;NA;MAP
Erysimum nevadense;30TTK56;NA;MAP
Erysimum nevadense;30TTK66;NA;MAP
Erysimum nevadense;30TTK75;NA;MAP
Erysimum nevadense;30TTK74;NA;MAP
Ferula tingitana;30SVG82;NA;MAP
Filago fuscescens;30TUL76;NA;MAP
Filago micropodioides;30SXJ39;NA;MAP
Fraxinus ornus;29SPD70;NA;MAP
Fraxinus ornus;31TBF64;NA;MAP
Fraxinus ornus;30TYK05;NA;MAP
Eleocharis parvula;30TTK66;NA;PJM
Eriophorum angustifolium;30TUK26;NA;PJM
Carex sylvatica;30SYJ33;NA;PJM
Carex muricata;30SVG26;NA;PJM
Carex muricata;30SVH44;NA;PJM
Carex muricata;30SWK62;NA;PJM
Carex muricata;30SWK92;NA;PJM
Carex muricata;30SXJ85;NA;PJM
Carex muricata;30SXJ94;NA;PJM
Carex muricata;30SXK12;NA;PJM
Carex muricata;30SXK22;NA;PJM
Carex muricata;30SXK72;NA;PJM
Carex muricata;30SXK81;NA;PJM
Carex muricata;30SYJ23;NA;PJM
Carex muricata;30TTK75;NA;PJM
Carex muricata;30TTK94;NA;PJM
Carex muricata;30TVL55;NA;PJM
Carex muricata;30TVL64;NA;PJM
Carex muricata;30TVL65;NA;PJM
Carex muricata;30TVL66;NA;PJM
Carex muricata;30TVL75;NA;PJM
Carex muricata;30TVL78;NA;PJM
Carex muricata;30TVL84;NA;PJM
Carex muricata;30TVL85;NA;PJM
Carex muricata;30TVL95;NA;PJM
Carex muricata;30TVL97;NA;PJM
Carex muricata;30TVM72;NA;PJM
Carex muricata;30TVM73;NA;PJM
Carex muricata;30TVM92;NA;PJM
Carex muricata;30TVM93;NA;PJM
Carex muricata;30TVM96;NA;PJM
Carex muricata;30TVM97;NA;PJM
Carex muricata;30TWK18;NA;PJM
Carex muricata;30TWK83;NA;PJM
Carex muricata;30TWK84;NA;PJM
Carex muricata;30TWK88;NA;PJM
Carex muricata;30TWK89;NA;PJM
Carex muricata;30TWK93;NA;PJM
Carex muricata;30TWK97;NA;PJM
Carex muricata;30TWK98;NA;PJM
Carex muricata;30TWK99;NA;PJM
Carex muricata;30TWL05;NA;PJM
Carex muricata;30TWL07;NA;PJM
Carex muricata;30TWL09;NA;PJM
Carex muricata;30TWL17;NA;PJM
Carex muricata;30TWL23;NA;PJM
Carex muricata;30TWL24;NA;PJM
Carex muricata;30TWL29;NA;PJM
Carex muricata;30TWL33;NA;PJM
Carex muricata;30TWL34;NA;PJM
Carex muricata;30TWL39;NA;PJM
Carex muricata;30TWL49;NA;PJM
Carex muricata;30TWL63;NA;PJM
Carex muricata;30TWL80;NA;PJM
Carex muricata;30TWL92;NA;PJM
Carex muricata;30TWM02;NA;PJM
Carex muricata;30TWM03;NA;PJM
Carex muricata;30TWM06;NA;PJM
Carex muricata;30TWM07;NA;PJM
Carex muricata;30TWM08;NA;PJM
Carex muricata;30TWM12;NA;PJM
Carex muricata;30TWM13;NA;PJM
Carex muricata;30TWM14;NA;PJM
Carex muricata;30TWM15;NA;PJM
Carex muricata;30TWM16;NA;PJM
Carex muricata;30TWM17;NA;PJM
Carex muricata;30TWM20;NA;PJM
Carex muricata;30TWM21;NA;PJM
Carex muricata;30TWM22;NA;PJM
Carex muricata;30TWM24;NA;PJM
Carex muricata;30TWM25;NA;PJM
Carex muricata;30TWM26;NA;PJM
Carex muricata;30TWM30;NA;PJM
Carex muricata;30TWM31;NA;PJM
Carex muricata;30TWM34;NA;PJM
Carex muricata;30TWM35;NA;PJM
Carex muricata;30TWM40;NA;PJM
Carex muricata;30TWM41;NA;PJM
Carex muricata;30TWM43;NA;PJM
Carex muricata;30TWM56;NA;PJM
Carex muricata;30TWM65;NA;PJM
Carex muricata;30TWM66;NA;PJM
Carex muricata;30TWM92;NA;PJM
Carex muricata;30TWM93;NA;PJM
Carex muricata;30TXK07;NA;PJM
Carex muricata;30TXK08;NA;PJM
Carex muricata;30TXK09;NA;PJM
Carex muricata;30TXK15;NA;PJM
Carex muricata;30TXK16;NA;PJM
Carex muricata;30TXK17;NA;PJM
Carex muricata;30TXK19;NA;PJM
Carex muricata;30TXK24;NA;PJM
Carex muricata;30TXK25;NA;PJM
Carex muricata;30TXK26;NA;PJM
Carex muricata;30TXK28;NA;PJM
Carex muricata;30TXK29;NA;PJM
Carex muricata;30TXK34;NA;PJM
Carex muricata;30TXK35;NA;PJM
Carex muricata;30TXK36;NA;PJM
Carex muricata;30TXK45;NA;PJM
Carex muricata;30TXK46;NA;PJM
Carex muricata;30TXK64;NA;PJM
Carex muricata;30TXK67;NA;PJM
Carex muricata;30TXK68;NA;PJM
Carex muricata;30TXK69;NA;PJM
Carex muricata;30TXK73;NA;PJM
Carex muricata;30TXK74;NA;PJM
Carex muricata;30TXK78;NA;PJM
Carex muricata;30TXK79;NA;PJM
Carex muricata;30TXK83;NA;PJM
Carex muricata;30TXK85;NA;PJM
Carex muricata;30TXK86;NA;PJM
Carex muricata;30TXK97;NA;PJM
Carex muricata;30TXK98;NA;PJM
Carex muricata;30TXK99;NA;PJM
Carex muricata;30TXL02;NA;PJM
Carex muricata;30TXL14;NA;PJM
Carex muricata;30TXL23;NA;PJM
Carex muricata;30TXL24;NA;PJM
Carex muricata;30TXL55;NA;PJM
Carex muricata;30TXL56;NA;PJM
Carex muricata;30TXL63;NA;PJM
Carex muricata;30TXL70;NA;PJM
Carex muricata;30TXL71;NA;PJM
Carex muricata;30TXL91;NA;PJM
Carex muricata;30TYK03;NA;PJM
Carex muricata;30TYK05;NA;PJM
Carex muricata;30TYK06;NA;PJM
Carex muricata;30TYK08;NA;PJM
Carex muricata;30TYK09;NA;PJM
Carex muricata;30TYK27;NA;PJM
Carex muricata;30TYK38;NA;PJM
Carex muricata;30TYL00;NA;PJM
Carex muricata;30TYL01;NA;PJM
Carex muricata;31SBD40;NA;PJM
Carex muricata;31TBF71;NA;PJM
Carex muricata;31TCG46;NA;PJM
Carex laevigata;30SVG26;NA;PJM
Carex laevigata;30TYK23;NA;PJM
Carex laevigata;30TWL61;NA;PJM
Carex laevigata;30TTK94;NA;PJM
Carex laevigata;29SQC31;NA;PJM
Carex laevigata;30TYN04;NA;PJM
Carex furva;30TWP90;NA;PJM
Carex digitata;30TYK36;NA;PJM
Carex acuta;30TTL74;NA;PJM
Carex acuta;30TUM61;NA;PJM
Carex acuta;30TUM75;NA;PJM
Carex acuta;29SMC96;NA;PJM
Carex acuta;29SPD50;NA;PJM
Carex acuta;29SQC52;NA;PJM
Carex acuta;30STH60;NA;PJM
Carex acuta;30SYK10;NA;PJM
Carex acuta;30TVN92;NA;PJM
Carex acuta;30TWK98;NA;PJM
Carex acuta;30TWM05;NA;PJM
Carex acuta;30TWM15;NA;PJM
Genista tricuspidata;30TVN40;NA;RGM
Glebionis coronaria;30TTP62;NA;RGM
Ranunculus pyrenaeus;30TUN35;NA;VVN
Ranunculus pyrenaeus;30TWN94;NA;VVN
Ranunculus pyrenaeus;30TWN93;NA;VVN
Ranunculus pyrenaeus;30TWN92;NA;VVN
Ranunculus pyrenaeus;30TWN91;NA;VVN
Ranunculus pyrenaeus;30TWN90;NA;VVN
Ranunculus pyrenaeus;30TWN80;NA;VVN
Ranunculus pyrenaeus;30TWN81;NA;VVN
Ranunculus pyrenaeus;30TWN71;NA;VVN
Ranunculus pyrenaeus;30TXN12;NA;VVN
Ranunculus pyrenaeus;30TXN11;NA;VVN
Ranunculus pyrenaeus;30TXN21;NA;VVN
Ranunculus pyrenaeus;30TXN20;NA;VVN
Ranunculus pyrenaeus;30TXN32;NA;VVN
Ranunculus pyrenaeus;30TXN33;NA;VVN
Ranunculus macrophyllus;30TTK56;NA;VVN
Ranunculus macrophyllus;30STJ98;NA;VVN
Ranunculus macrophyllus;30STH57;NA;VVN
Ranunculus macrophyllus;29SQD10;NA;VVN
Ranunculus macrophyllus;29SQC21;NA;VVN
Ranunculus sardous;30STF70;NA;VVN
Ranunculus trichophyllus eradicatus;30STF87;NA;VVN
Reseda media;31TCH13;NA;VVN
Reseda media;31TCG75;NA;VVN
Reseda media;30SWJ91;NA;VVN
Reseda media;30SVH98;NA;VVN
Reseda media;30TTL74;NA;VVN
Rhamnus ludovici-salvatoris;30SVG60;NA;VVN
Romulea clusiana;30TVP61;NA;VVN
Romulea ramiflora gaditana;30TUK33;NA;VVN
Rosa elliptica;29SPD70;NA;VVN
Rosa elliptica;29TQH21(Afliberv1);NA;VVN
Rosa glauca;31TBG63(Afliberv1);NA;VVN
Rosa pendulina;29SPC56;NA;VVN
Rosa pendulina;31TDG41(Afliberv1);NA;VVN
Rosa pendulina;31TBG80(Afliberv1);NA;VVN
Rubus hirtus;30TTK66;NA;VVN
Rumex bucephalophorus hispanicus;30TVN99;NA;VVN
Rumex bucephalophorus hispanicus;30SVH53;NA;VVN
Rumex bucephalophorus hispanicus;30SVG38;NA;VVN
Rumex bucephalophorus hispanicus;30SVG36;NA;VVN
Rumex scutatus;29SQC06;NA;VVN
Rumex scutatus;29SQC21;NA;VVN
Rumex scutatus;29TPE85;NA;VVN
Ruta chalepensis;29SQC25;NA;VVN
Ruta chalepensis;30TVN88;NA;VVN
Ruta chalepensis;30TXL31;NA;VVN
Ruta chalepensis;30TXL73;NA;VVN
Ruta chalepensis;31TBF64;NA;VVN
Ruta chalepensis;30TYL33;NA;VVN
Ruta chalepensis;30SXJ93;NA;VVN
Ruta chalepensis;30SYJ23;NA;VVN
Sagina maritima;30TTK54;NA;VVN
Sagina maritima;29TQE17;NA;VVN
Sagina maritima;29TPE85;NA;VVN
Sagina maritima;29TPE84;NA;VVN
Salix pentandra;29SQC31;NA;VVN
Salix pentandra;30TWM67;NA;VVN
Salix pentandra;30TWN80;NA;VVN
Salix pentandra;30TXN51;NA;VVN
Salix reticulata;29TPE85;NA;VVN
Salvia pratensis;30SVG52;NA;VVN
Salvia sclareoides;30TUN84;NA;VVN
Salvia sclareoides;29SNC43;NA;VVN
Salvia sclareoides;29SPD10;NA;VVN
Salvia sclareoides;29SND72;NA;VVN
Saponaria ocymoides;29TQE37;NA;VVN
Scorpiurus muricatus;29TNG20;NA;VVN
Scorpiurus muricatus;31TCF55;NA;VVN
Scorpiurus muricatus;30TVN73;NA;VVN
Scorpiurus muricatus;30TVN63;NA;VVN
Scorpiurus muricatus;30TVN62;NA;VVN
Scrophularia peregrina;29TNG35;NA;VVN
Scrophularia pyrenaica;30TWM92;NA;VVN
Sedum candollei;30STJ76;NA;VVN
Sedum candollei;30STH88;NA;VVN
Sedum candollei;30STH62;NA;VVN
Sedum candollei;29SQC31;NA;VVN
Sedum candollei;31TDG50;NA;VVN
Sedum candollei;30TXM21;NA;VVN
Sedum candollei;30TXL09;NA;VVN
Sedum candollei;30TWM92;NA;VVN
Selinum pyrenaeum;30STJ79;NA;VVN
Pteris vittata;30TWN04;NA;APL
Pteris vittata;30SWF76;NA;APL
Ranunculus granatensis;30TTP82;NA;APL
Ranunculus granatensis;29SNB25;NA;APL
Ranunculus granatensis;29SPC72;NA;APL
Ranunculus granatensis;29SPD70;NA;APL
Ranunculus granatensis;29SPD77;NA;APL
Ranunculus granatensis;29SPD55;NA;APL
Ranunculus granatensis;30STJ88;NA;APL
Ranunculus granatensis;30TYL44;NA;APL
Ranunculus granatensis;30SXJ41;NA;APL
Ranunculus granatensis;30SWG70;NA;APL
Ranunculus granatensis;30SVF48;NA;APL
Ranunculus granatensis;30SWG65;NA;APL
Reseda suffruticosa;30SUF38;NA;APL
Reseda suffruticosa;30SUF26;NA;APL
Reseda suffruticosa;30SUF35;NA;APL
Reseda suffruticosa;30SUF45;NA;APL
Reseda suffruticosa;30SUF45;NA;APL
Reseda suffruticosa;30SWF17;NA;APL
Reseda suffruticosa;30SWJ11;NA;APL
Reseda suffruticosa;30SYJ23;NA;APL
Reseda suffruticosa;30TXK96;NA;APL
Ruscus hypophyllum;29SQD03;NA;APL
Ruscus hypophyllum;30SUF65;NA;APL
Ruscus hypophyllum;30SUF76;NA;APL
Ruscus hypophyllum;30SWH24;NA;APL
Ruscus hypophyllum;30SYH25;NA;APL
Ruscus hypophyllum;30SYH24;NA;APL
Ruscus hypophyllum;31TDF28;NA;APL
Ruscus hypophyllum;29TNF35;NA;APL
Salix eleagnos;30STH63;NA;APL
Salix eleagnos;30TTK84;NA;APL
Salix eleagnos;30SUF34;NA;APL
Salix eleagnos;30SUF34;NA;APL
Santolina pectinata;30TTM63;NA;APL
Santolina pectinata;30TWL36;NA;APL
Satureja cuneifolia;30TWM11;NA;APL
Satureja cuneifolia;30STF46;NA;APL
Satureja cuneifolia;30SUG04;NA;APL
Scrophularia laxiflora;29SPD45;NA;APL
Scrophularia laxiflora;29SQA44;NA;APL
Scrophularia laxiflora;30STF32;NA;APL
Silene obtusifolia;30SYJ36;NA;APL
Silene obtusifolia;30STF65;NA;APL
Silene obtusifolia;30STF64;NA;APL
Silene obtusifolia;30STF61;NA;APL
Silene obtusifolia;30STF60;NA;APL
Silene stockenii;30SWG09;NA;APL
Silene stockenii;30STF64;NA;APL
Silene tomentosa;30SVG81;NA;APL
Silene tomentosa;30STF64;NA;APL
Silene tomentosa;30STF54;NA;APL
Silene tomentosa;30STF44;NA;APL
Sium latifolium;30SYJ34;NA;APL
Sium latifolium;30TXM70;NA;APL
Sium latifolium;30TXL06;NA;APL
Sium latifolium;30TVK37;NA;APL
Spergularia segetalis;30SVF66;NA;APL
Spergularia segetalis;30SWF89;NA;APL
Stoibrax dichotomum;30TVN76;NA;APL
Stoibrax dichotomum;30TWM69;NA;APL
Succisella andreae-molinae;30SXK32;NA;APL
Taraxacum elegantius;30TWM92;NA;APL
Taraxacum elegantius;30TWM91;NA;APL
Tetraclinis articulata;30SUF76;NA;APL
Teucrium hifacense;30TXN17;NA;APL
Teucrium turredanum;30TUK18;NA;APL
Teucrium turredanum;30SWG99;NA;APL
Teucrium turredanum;30SWG89;NA;APL
Teucrium turredanum;30SWG01;NA;APL
Teucrium turredanum;30SWF08;NA;APL
Teucrium webbianum;30SYK22;NA;APL
Teucrium webbianum;30SVF16;NA;APL
Teucrium webbianum;30SUG58;NA;APL
Teucrium webbianum;30SUG99;NA;APL
Teucrium webbianum;30SWF07;NA;APL
Teucrium webbianum;30SXG69;NA;APL
Thymelaea subrepens;30SWJ74;NA;APL
Thymelaea subrepens;30STJ76;NA;APL
Thymelaea subrepens;30TXL52;NA;APL
Tordylium officinale;30SVG41;NA;APL
Trifolium retusum;30SYJ01;NA;APL
Urginea undulata;30SXH87;NA;APL
Urginea undulata;30TYK05;NA;APL
Viola demetria;30TXL55;NA;APL
Viola demetria;30TXL67;NA;APL
Viola demetria;30SVF69;NA;APL
Viola demetria;30SVG80;NA;APL
Zannichellia contorta;29SPC98;NA;APL
Zannichellia contorta;30TXN22;NA;APL
Zannichellia contorta;31TCF44;NA;APL
Ziziphus lotus;29SQD00;NA;APL
Ziziphus lotus;29SPD45;NA;APL
